ID,Classification,Language
1428361687879405571,0,es
1428353454041305093,1,es
1428319435769667584,0,es
1428319346603003908,1,es
1428311252481228814,1,es
1428142806397333509,1,es
1428121273754963972,0,es
1428111064315711494,1,es
1428103285223956487,1,es
1428102823699533831,0,es
1428093372540010510,1,es
1428091420859113474,0,es
1428081632859328524,1,es
1428075275967938560,0,es
1428039199765237764,1,es
1428033763351609349,1,es
1428033592870023175,0,es
1427969018389008385,0,es
1427935010582056962,1,es
1427845456109965315,0,es
1427835853519441922,0,es
1427826758271836161,0,es
1427821076260794372,1,es
1427818345013841927,1,es
1427809414203985928,0,es
1427792046446813188,0,es
1427787293339705348,1,es
1427770416249118722,1,es
1427751886531203073,0,es
1427747305386557442,1,es
1427717056271732742,0,es
1427715062232461317,1,es
1427709059420069893,1,es
1427467211753537537,1,es
1427429423867957257,0,es
1427426274692239361,1,es
1427404113478918154,1,es
1427399705022107648,0,es
1427396666194341888,0,es
1427378758462410754,0,es
1427373062702477316,1,es
1427351936022482950,1,es
1427341867625111557,0,es
1427320358089146374,0,es
1427316750027304965,0,es
1427195518967554048,0,es
1426945891114573826,0,es
1426821722574045185,0,es
1426750904506724357,0,es
1426748883804229632,0,es
1426742018693345280,0,es
1426708670893658118,1,es
1426678511880781824,0,es
1426674130338910219,0,es
1426659611994726401,0,es
1426652939423256576,1,es
1426648846680084484,0,es
1426501966390337539,0,es
1426497711285620737,0,es
1426362346323185665,0,es
1426354318387593222,0,es
1426327959971979268,0,es
1426308443288309766,0,es
1426307509724360704,0,es
1426301953684955139,0,es
1426301535445737477,0,es
1426299787113029632,0,es
1426299294676570112,0,es
1426297314323406848,0,es
1426297145926246401,0,es
1426291299276185604,0,es
1426289433347756038,0,es
1426289036520476675,0,es
1426287839524831233,0,es
1426280393184055302,0,es
1426228905409667076,1,es
1426200911085514752,1,es
1426174183097122817,1,es
1426155567601573888,1,es
1426151867638222849,1,es
1426142327278608388,1,es
1426131490790952961,0,es
1426018082162724868,1,es
1426017908426149888,0,es
1426006351403274245,0,es
1425995270941298697,1,es
1425987962504978434,1,es
1425963335850278916,0,es
1425956597772267525,0,es
1425944443165810691,0,es
1425930733743448064,0,es
1425927945630199814,0,es
1430862821370310659,1,es
1430862041938604036,1,es
1430850754458304515,1,es
1430846541946839046,1,es
1430792635032219651,1,es
1430772808733372418,1,es
1430730439916990465,1,es
1430596169344897025,1,es
1430537094074671105,1,es
1430504840208293888,1,es
1430402172160729090,0,es
1430371631080394756,1,es
1430366323155083268,1,es
1430351049735409665,1,es
1430350593822969859,1,es
1430341711885176836,1,es
1430302228607291392,1,es
1430287340795203585,1,es
1430231880855695367,1,es
1430212126543597570,1,es
1430208459241402369,1,es
1430193225671888902,1,es
1430184133024702467,1,es
1430171772918304782,1,es
1430171611517304844,1,es
1430162614005510157,1,es
1430136598621048870,1,es
1430006063085010945,1,es
1430005330348548096,1,es
1430000539153190915,1,es
1429999218505170945,1,es
1429992730395090952,1,es
1429991947716935680,1,es
1429983023336984591,1,es
1429979754174746632,1,es
1429973165208489985,1,es
1429971341487353860,1,es
1429965654904516611,1,es
1429963000971243522,1,es
1429962690257108993,1,es
1429960618338041863,1,es
1429952229050626052,1,es
1429951345134641162,0,es
1429943877323132931,0,es
1429942866042834948,1,es
1429942270174826503,1,es
1429940340279201793,1,es
1429934679025664007,1,es
1429934264519471106,1,es
1429930045997555713,1,es
1429926906250551298,1,es
1429921054026354689,1,es
1429916469236731905,1,es
1429915955191328774,1,es
1429914605376184324,1,es
1429914004709904389,1,es
1429910484548005889,1,es
1429910031626035203,1,es
1429909146363731974,1,es
1429908427032125442,1,es
1429907571612213250,1,es
1429906910883557393,1,es
1429905930121056257,1,es
1429905901243314186,1,es
1429903864849895429,1,es
1429903805747978244,1,es
1429786693859745796,1,es
1429651319338541057,1,es
1429473044939034633,1,es
1429240188480458756,1,es
1429084450734985223,1,es
1428930756856979457,1,es
1428902773093982212,1,es
1428897616935411714,1,es
1428836816929665031,1,es
1428830689303138306,1,es
1428688489994981380,1,es
1428547382359232519,1,es
1428526189715640321,1,es
1428489730610630657,1,es
1428486758505795585,1,es
1428469697138380810,1,es
1428455226588205059,1,es
1428438612560039937,1,es
1428397335948767240,1,es
1433167998139965444,1,es
1433158741688475657,1,es
1433158608494153731,1,es
1433158077302329346,1,es
1433149982912172034,1,es
1433147181356265478,1,es
1433140146585706507,1,es
1433119311850266627,1,es
1433118255288291329,1,es
1433112766949249030,1,es
1433107481476177927,1,es
1433105622648623109,1,es
1433103451890802693,1,es
1433083276009353218,1,es
1433080408900517893,1,es
1433071074808410113,1,es
1433054345499717634,1,es
1433053386769850368,1,es
1433049216721592330,1,es
1433040692109000705,0,es
1433040327993085952,1,es
1433039545357021200,0,es
1433035384041185281,1,es
1433013469549318148,1,es
1432972224739389453,1,es
1432915106720014338,1,es
1432890847813636097,1,es
1432886101275025410,1,es
1432877071940870151,1,es
1432876460377837572,1,es
1432876243934908416,1,es
1432875904007557120,1,es
1432873336175046656,1,es
1432873252406300676,1,es
1432872530684039176,1,es
1432871969578528770,1,es
1432869698195107841,1,es
1432866072110276609,1,es
1432861188266864644,1,es
1432861182596161538,0,es
1432858475151953922,1,es
1432857150909558784,1,es
1432856417464197123,1,es
1432850875907723266,1,es
1432850470327013377,1,es
1432848047592157186,1,es
1432843604469354498,1,es
1432842829856915458,1,es
1432839855793479682,1,es
1432836360629592065,1,es
1432799406072471555,1,es
1432764376533151753,1,es
1432764233549234180,1,es
1432684595296837639,1,es
1432588174727987203,0,es
1432516603053285376,1,es
1432498326717534209,1,es
1432497198512709635,1,es
1432482671993757701,0,es
1432444507933511691,1,es
1432410880055070728,1,es
1432410673514962944,1,es
1432406176659034112,1,es
1432402883178377218,1,es
1432398063348424704,1,es
1432396727760326657,1,es
1432364829378027523,1,es
1432364789662113798,1,es
1432364732854456322,1,es
1432256795288997892,1,es
1432210054539841536,1,es
1432172178158592006,1,es
1432145733310898184,1,es
1432144241275322374,1,es
1432116633678585857,1,es
1432023928810184707,1,es
1431978346376728579,1,es
1431781167016124419,1,es
1431765338316840960,1,es
1431759964108898308,1,es
1431655726372491270,1,es
1431640102166487042,1,es
1431524881032695808,1,es
1431510518922203141,1,es
1431463937858588672,1,es
1431455793962958853,1,es
1431449610736869384,1,es
1431443283629285377,1,es
1431428001108045833,1,es
1431421406340915201,1,es
1431401952072589317,1,es
1431397282818236421,1,es
1431394472663961613,1,es
1431389852109578242,1,es
1431383428012908546,1,es
1431382438501130244,0,es
1431381223465648128,1,es
1431381143518126083,1,es
1431380687685398535,1,es
1431378461067784204,1,es
1431375455978917890,1,es
1431372154604490757,1,es
1431368301549084678,1,es
1431366909652574208,1,es
1431363654277025800,1,es
1431363531220344839,1,es
1431363306846138380,1,es
1431362683530620929,1,es
1431362493255933955,1,es
1431358822845714433,1,es
1431353149206433792,1,es
1431352468471001093,1,es
1431351732076953608,1,es
1431348452978462728,1,es
1431344560135942148,1,es
1431340359347474437,1,es
1431325148448178183,1,es
1431323280267481097,1,es
1431310972497633280,1,es
1431309399977611267,1,es
1431275479647072257,1,es
1431275465248067586,1,es
1431275232346660865,1,es
1431252166795218947,1,es
1431251298536546310,1,es
1431234360255131652,0,es
1431231124966096899,1,es
1431224411533762560,1,es
1431121255680417795,1,es
1431089460758794241,1,es
1431085695347666947,1,es
1431079463329091589,1,es
1431069175036977158,1,es
1431066450383474692,1,es
1431053836437884928,1,es
1431048067680243717,1,es
1431044088728637442,1,es
1431039367431311361,1,es
1431039263668424704,1,es
1431032419906433034,1,es
1431032062430040064,1,es
1431031898118180866,1,es
1431030151228362754,1,es
1431025419814375425,1,es
1431019384659759106,1,es
1431018679286833153,1,es
1431015555826393093,1,es
1431015167194718216,0,es
1431007917852053505,1,es
1431005525576232960,1,es
1430995245869764613,1,es
1430994369516130307,1,es
1430993392176144384,1,es
1430992618675113986,1,es
1430988566264520717,1,es
1430984819995971587,1,es
1430967630219862032,1,es
1430965397902274561,1,es
1430957004248522753,1,es
1430953592001806339,1,es
1430951129911865355,1,es
1430949305024720897,1,es
1430943020145328130,1,es
1430940087584440327,1,es
1430930658696781829,1,es
1430928996460646406,1,es
1430919744585150468,1,es
1430918019086229505,1,es
1430914924969144321,1,es
1430914321236729856,1,es
1430904613293547522,1,es
1430903118640783362,1,es
1430900277796765707,1,es
1430900229096673297,1,es
1430899809808879620,1,es
1430897441495130122,1,es
1430896654547243014,1,es
1430894486096289806,1,es
1430893781436432387,1,es
1430891781797728269,1,es
1430884596552540160,1,es
1430881598270967810,1,es
1430878623762984965,1,es
1430871933047001100,1,es
1430870843165397000,1,es
1430991066593964044,1,es
1430741752760213504,0,es
1430698497679007745,0,es
1430663650281394178,0,es
1430638760413253634,0,es
1429951219854872577,0,es
1429935401964277770,1,es
1429918670273269765,0,es
1429789011313414155,0,es
1429644015679557637,0,es
1433139858755751938,1,es
1433104199605227526,1,es
1433097344447393792,1,es
1432921973777108995,1,es
1432890816255696897,1,es
1432865705217740808,1,es
1432839348840538117,1,es
1432773794830196746,1,es
1432747938783059977,1,es
1432733030200889346,1,es
1432699658271342602,1,es
1432671453221113856,1,es
1432620344519663617,1,es
1432574560856064006,1,es
1432563935962664964,1,es
1432563903163244548,0,es
1432521006065848322,1,es
1432519759401267200,1,es
1432518219017904129,1,es
1432507859418460162,1,es
1432499107487158274,1,es
1432488161838608385,1,es
1432488045471805443,0,es
1432487259434012674,1,es
1432484756676038656,1,es
1432484571925393411,1,es
1432483615573749761,1,es
1432483564537454594,1,es
1432483525849137152,1,es
1432483093219352584,1,es
1432463125782142980,1,es
1432458748187062274,1,es
1432409597684461571,1,es
1432406779091116047,1,es
1432406351733575684,1,es
1432393098244526082,1,es
1432384027655380995,1,es
1432371783571750912,1,es
1432361962982236170,1,es
1432333080451289098,1,es
1432330062095949829,1,es
1432316969219502085,1,es
1432306189547810818,0,es
1432156381935808516,1,es
1432155991769067523,1,es
1432149599444156424,1,es
1432140405164974084,1,es
1431996871820644353,1,es
1431991879818784771,1,es
1431782119320211456,1,es
1431749401748418565,1,es
1431716473874038790,1,es
1431657419642392578,1,es
1431655071616491525,1,es
1431606140492783619,1,es
1431606088802123779,1,es
1431441419936452611,1,es
1431371952703299584,1,es
1431356076725837840,1,es
1431067025212772353,1,es
1431062886491717632,1,es
1431058047808442372,1,es
1430993912131473412,1,es
1430961232928968704,1,es
1430946281694826500,1,es
1430945533410086929,1,es
1430903490348412930,1,es
1430895682374696969,1,es
1438952655414509575,1,es
1438949739236663306,0,es
1438949410554224640,0,es
1438947641438711810,0,es
1438946518661206016,0,es
1438945909618872322,1,es
1438929416428552193,1,es
1438928189724712961,0,es
1438914880040574979,0,es
1438913305352056832,1,es
1438908730448486404,1,es
1438897584991444992,1,es
1438897376475889665,1,es
1438897125958422533,0,es
1438895024796848128,1,es
1438894128490713088,0,es
1438889138938335232,1,es
1438885274831007746,1,es
1438884944571420676,1,es
1438882550764621830,0,es
1438875089517174788,1,es
1438870729831948293,0,es
1438870618259300359,0,es
1438864430402572291,0,es
1438860960559681539,0,es
1438860545982021632,0,es
1438858125814210562,0,es
1438856097180397573,0,es
1438852661147734024,0,es
1438852640956420100,1,es
1438846209599234048,0,es
1438845059810701318,0,es
1438834622163570693,0,es
1438832125688442885,1,es
1438813460687728645,0,es
1438789749548986371,1,es
1438757170955366401,0,es
1438754585359835137,1,es
1438749422104551431,1,es
1438746674571227138,0,es
1438733426333556740,1,es
1438725176326119427,0,es
1438711866646278145,0,es
1438710825930432517,1,es
1438708392734838788,0,es
1438707342435102720,1,es
1438706773591044101,1,es
1438704426756280330,1,es
1438703716794777603,0,es
1438693720719777792,0,es
1438686056187109376,1,es
1438682225764151297,1,es
1438676575571136513,1,es
1438675827185627139,1,es
1438675361034813443,1,es
1438674513764438017,1,es
1438672865684037632,1,es
1438669314261983233,1,es
1438668565243170821,0,es
1438667933690044417,1,es
1438667849028063232,1,es
1438667255429181450,1,es
1438666775843979266,1,es
1438666000312983552,0,es
1438663591972978688,1,es
1438662969747984390,1,es
1438660007264931845,1,es
1438659555995660288,0,es
1438658074231857154,1,es
1438656236355039233,1,es
1438654582196953090,1,es
1438653306776297474,1,es
1438652294866812933,1,es
1438651913273229313,1,es
1438650753279737858,1,es
1438650318947078148,1,es
1438648377873506308,1,es
1438647971738910721,1,es
1438646133400690689,1,es
1438645871646752769,1,es
1438643243797917701,1,es
1438638819645923330,1,es
1438637375131897860,1,es
1438636105000235012,1,es
1438633822644588549,1,es
1438630328311164930,1,es
1438629245501255683,1,es
1438628292404252676,1,es
1438626984901349376,1,es
1438625395310432261,1,es
1438625187411410948,1,es
1438625044285042689,1,es
1438623257926635543,1,es
1438621218941423621,1,es
1438621010589364227,1,es
1438619335342297091,1,es
1438619073516998660,1,es
1438613878573764611,1,es
1438611414931869701,1,es
1438611350129807376,1,es
1438608972982935552,1,es
1438607808354787338,1,es
1438604614375378959,1,es
1438602727416729605,1,es
1438602393571274752,0,es
1438601809367601158,0,es
1438601802862235649,1,es
1438601353832587267,0,es
1438599560973201415,1,es
1438597498185072643,1,es
1438597335374835715,1,es
1438596708024258576,0,es
1438595384230780936,0,es
1438594595940622337,1,es
1438588979675283464,1,es
1438588101035704321,1,es
1438588034241413120,1,es
1438585866679726086,0,es
1438585646881325063,1,es
1438584717486530564,0,es
1438584198802124803,1,es
1438582553301110787,1,es
1438581489835421701,1,es
1438581069444354056,1,es
1438580701314551815,1,es
1438580373580042243,0,es
1438580295905726467,1,es
1438578902625144834,1,es
1438578776074596360,1,es
1438578159692226564,1,es
1438577658430898177,1,es
1438575934349656064,1,es
1438575074852937734,1,es
1438574985082130449,0,es
1438574616289681411,1,es
1438574515454369794,0,es
1438574287217119238,1,es
1438573687662268418,1,es
1438572859497009155,0,es
1438570445905833991,1,es
1438570337239719938,1,es
1438570148592488451,0,es
1438569967423795204,1,es
1438569394846806019,0,es
1438568371692392454,1,es
1438567504436252682,1,es
1438564193226141701,0,es
1438563797023723525,1,es
1438563392952979458,1,es
1438563045568090121,1,es
1438562363800788999,0,es
1438560257740001284,1,es
1438558143433347076,1,es
1438557130240442371,1,es
1438555903222026249,1,es
1438555887774412802,1,es
1438555574283771909,0,es
1438554988997922826,1,es
1438552781044998150,0,es
1438552317566111747,1,es
1438552054931329027,1,es
1438551825716850700,1,es
1438551802069360646,1,es
1438549326154944515,0,es
1438548495242342404,1,es
1438545832802852880,1,es
1438545354815901696,1,es
1438544931660832770,0,es
1438543068228059137,0,es
1438541663773859846,1,es
1438541537281970182,1,es
1438537547915923470,0,es
1438536305638461442,1,es
1438535995037782020,1,es
1438534326971506689,1,es
1438532921548226565,1,es
1438532845316751364,1,es
1438532616014245889,1,es
1438532568345874436,1,es
1438532015830224898,1,es
1438531602284433411,0,es
1438531129531895819,1,es
1438529982440124427,0,es
1438527023941513217,1,es
1438527013376167938,1,es
1438525477400973313,1,es
1438524954958499842,1,es
1438524416799948800,1,es
1438523720495091715,1,es
1438522227658534912,1,es
1438521366962126848,1,es
1438517420239458308,1,es
1438515069206208517,1,es
1438513843907358720,1,es
1438512647842848773,1,es
1438512057943420941,1,es
1438511650932289547,1,es
1438510279805992961,1,es
1438509206433239054,1,es
1438508987134054404,1,es
1438508490536865799,1,es
1438507538140446730,1,es
1438506837272186887,1,es
1438505123798405130,1,es
1438504654652919813,1,es
1438502434385522700,1,es
1438500842718568449,0,es
1438499092062253057,1,es
1438498528939106304,1,es
1438497581081014277,1,es
1438490459173699594,1,es
1438487122063892484,0,es
1438485653524815874,1,es
1438484776009170944,1,es
1438480813163638791,1,es
1438478257733603335,1,es
1438468193463439368,1,es
1438464638446931975,1,es
1438463271858753537,1,es
1438443238302666759,0,es
1438441739698716679,1,es
1438430632938557445,1,es
1438414774421839872,1,es
1438407417864282113,1,es
1438405253855162371,1,es
1438397002719666181,1,es
1438396850793586691,1,es
1438393154516967428,1,es
1438387764555255808,1,es
1438387419510939648,1,es
1438387235129368578,0,es
1438387121543385092,1,es
1438382794389000192,0,es
1438382130212528128,0,es
1438377610677997569,0,es
1438377266866761730,1,es
1438376309936230400,1,es
1438374600992251912,1,es
1438373217656258562,1,es
1438372162038124547,0,es
1438369971596259328,1,es
1438368495499157509,1,es
1438365896305565696,1,es
1438365561994498052,1,es
1438363948932272133,1,es
1438357782231715842,1,es
1438357014984335360,1,es
1438355695754166274,0,es
1438355394464788480,1,es
1438355329960480770,1,es
1438353391206342656,1,es
1438349381497991168,1,es
1438347792901152768,1,es
1438337715473457160,1,es
1438336248909811714,1,es
1438334881524637704,1,es
1438334434063773696,1,es
1438332223749595141,1,es
1438324700728414208,1,es
1438323451090063367,1,es
1438315662431113217,1,es
1438313572027846656,1,es
1438311751020392450,1,es
1438301743830519817,0,es
1438288586051399687,1,es
1438282204715655171,1,es
1438279945839681541,1,es
1438266812530036736,1,es
1438266284446265346,0,es
1438266180972777478,1,es
1438250459265998864,0,es
1438243056071979016,1,es
1438241325225230338,1,es
1438237157022388232,0,es
1438232280972079106,1,es
1438232205629837317,0,es
1438230673102450688,0,es
1438228164652765188,1,es
1438224160082341899,1,es
1438222366597951489,1,es
1438221075209461762,0,es
1438219673196171269,1,es
1438217802637320200,1,es
1438217222397300736,1,es
1438214820122214409,1,es
1438203474672590855,1,es
1438199342393856010,0,es
1438189737785823236,1,es
1438189550384287747,1,es
1438185530936762369,0,es
1438184877816311810,0,es
1438179623314116617,1,es
1438169045832851456,1,es
1438162849667461127,1,es
1438161858502873092,1,es
1438160293532737547,1,es
1438154493653307393,1,es
1438153642557706244,1,es
1438149420697141253,1,es
1438147701355524102,0,es
1438142568953524226,1,es
1438141750174879747,1,es
1438140410078003206,1,es
1438139909391355919,1,es
1438137266065612810,0,es
1438135526326951951,1,es
1438134520872509441,1,es
1438133824815124480,1,es
1438132375834275853,0,es
1438132048418459648,1,es
1438127963963371520,0,es
1438124676648144906,1,es
1438117155766157317,1,es
1438109905660092418,1,es
1438107085300977668,1,es
1438102847325888512,1,es
1438101301360042087,1,es
1438099155868659722,0,es
1438094921454350338,1,es
1438022798417567747,0,es
1438001819100270596,1,es
1437994835424669696,0,es
1437991915753033728,1,es
1437990834155175941,1,es
1437976470245232647,0,es
1437971530466607106,1,es
1437971490985725957,0,es
1437969502877077504,1,es
1437965523166416900,1,es
1437961045973377026,0,es
1437947859060600834,1,es
1437944572399730688,1,es
1437942342795894784,1,es
1437939675327574017,1,es
1437921660670205953,0,es
1437910085699874822,0,es
1437893189868871685,0,es
1437889105115770880,0,es
1437882537448284166,0,es
1437879485395869699,1,es
1437879441330511873,1,es
1437878586501906440,1,es
1437873105666551815,1,es
1437868117330468878,1,es
1437841395583160322,0,es
1437837252357410824,1,es
1437825667018723330,0,es
1437821855147069448,0,es
1437821026306383875,1,es
1437816435024203788,1,es
1437815684587794432,1,es
1437810808977719298,1,es
1437802500510392326,0,es
1437798932231434246,0,es
1437795762230988812,0,es
1437788084712706054,0,es
1437786167248830479,0,es
1437785100230529028,0,es
1437782475909091329,0,es
1437773697197219854,0,es
1437771457149476875,0,es
1437767093106135040,0,es
1437766342485151746,1,es
1437762249066754051,0,es
1437758786135990273,1,es
1437757144414179334,0,es
1437753730896642050,0,es
1437749192282279936,0,es
1437658287655174152,1,es
1437654327309398016,0,es
1437641519452889088,0,es
1437638300672708608,1,es
1437635127375540227,0,es
1437626176609169412,0,es
1437621894581215233,0,es
1437597520968966150,0,es
1437593482730872834,0,es
1437592757174943745,0,es
1437581110402191361,0,es
1437580258576830470,0,es
1437580204956807171,0,es
1437578902734442510,0,es
1437571211001843719,0,es
1437563006955704322,1,es
1437558788207169536,1,es
1437556290587344897,0,es
1437554704427503622,0,es
1437537205925388294,1,es
1437529149065760768,0,es
1437528534340276237,1,es
1437527980612337664,0,es
1437527393128697856,0,es
1437526236213960711,1,es
1437519460466712576,0,es
1437511719975329795,0,es
1437490193259450370,1,es
1437485823436394497,1,es
1437476564854317056,1,es
1437463974602285057,0,es
1437462115166588931,0,es
1437458337373827079,1,es
1437449985935638537,0,es
1437444272500797441,1,es
1437442612491956235,0,es
1437435037633368065,0,es
1437433843342999552,0,es
1437433440144613383,0,es
1437424652872212490,0,es
1437422577434120194,0,es
1437421348960284686,0,es
1437421051131174918,0,es
1437420033341337601,1,es
1437419933198127105,0,es
1437414739622207491,0,es
1437412045666799623,0,es
1437409424319074310,1,es
1437408771412746249,0,es
1437398394893443086,0,es
1437314001919164418,0,es
1437279949367480325,0,es
1437279161387663362,0,es
1437278360799825926,1,es
1437258229470437377,0,es
1437255380342657028,1,es
1437249997242785794,1,es
1437237949876297732,1,es
1437237744716193798,0,es
1437237403215966209,1,es
1437231646038704128,0,es
1437227798725267458,0,es
1437222548211748864,0,es
1437214174585581568,1,es
1437203576552443905,1,es
1437202295914180610,0,es
1437201655712436227,1,es
1437186673218048001,0,es
1437184197328875521,1,es
1437176923080200200,0,es
1437173378234863618,0,es
1437172014125498368,0,es
1437167283621740546,0,es
1437162819007438864,0,es
1437160831830134789,0,es
1437157818600095745,0,es
1437145097917841412,0,es
1437142432001531907,0,es
1437141244094857222,1,es
1437128294248316928,1,es
1437122532453208068,0,es
1437121054976057347,1,es
1437112230454206468,1,es
1437108597595508739,1,es
1437098980228288520,1,es
1437087300396191748,0,es
1437086264159780869,0,es
1437085608837591052,0,es
1437084034874716169,0,es
1437076527930281984,1,es
1437071846730604547,0,es
1437069089223192581,1,es
1437058850662883330,0,es
1437056337041629191,1,es
1437025595032961024,0,es
1436969983704244225,0,es
1436960696198000644,0,es
1436949323292372996,1,es
1436943021271101442,0,es
1436921615778996226,1,es
1436906854160879616,0,es
1436895973683380225,0,es
1436884743585349635,0,es
1436865561531752451,1,es
1436850412556939265,1,es
1436849346725679112,1,es
1436841475795529729,1,es
1436827011951972354,1,es
1436819227969667074,1,es
1436814210294374402,0,es
1436813438529933312,0,es
1436805335860359169,0,es
1436801517575671810,1,es
1436800346186211337,0,es
1436798173238923273,0,es
1436795786239647744,0,es
1436781436250505218,0,es
1436772370266697732,0,es
1436766187136954368,1,es
1436756849097940994,0,es
1436756616729219078,0,es
1436755614466658304,1,es
1436752219894960132,1,es
1436748068943134720,1,es
1436744053975142400,1,es
1436743011799638021,0,es
1436742420104982536,0,es
1436739552882970624,0,es
1436732890059001867,1,es
1436722138992549893,0,es
1436717654312726535,0,es
1436707054547255308,1,es
1436684393326780418,0,es
1436680563495038979,0,es
1436677366433124352,1,es
1436676202052292616,0,es
1436634860559425540,0,es
1436630355201695747,1,es
1436607277323194368,0,es
1436590347447148546,0,es
1436549440207269890,0,es
1436546767961694211,1,es
1441169401454100485,1,es
1441166223685816325,0,es
1441158826913193992,0,es
1441155293304393733,0,es
1441154637793398795,1,es
1441144099332050944,0,es
1441143784784293893,0,es
1441137436793270279,0,es
1441135239829487623,0,es
1441133003103739904,1,es
1441130544583122946,0,es
1441126600490115072,0,es
1441126558140403712,0,es
1441120972430475266,1,es
1441119774683975690,0,es
1441118078889197579,0,es
1441115958068723716,0,es
1441114455442542607,1,es
1441114102844117004,1,es
1441110165294444554,0,es
1441105581180293127,0,es
1441101815706095619,1,es
1441101214679113731,1,es
1441098721387679758,0,es
1441092807767195651,0,es
1441090042085007364,1,es
1441088842992283661,0,es
1441086389165064200,1,es
1441086388888236043,0,es
1441085684542939148,0,es
1441085435686502411,1,es
1441084407670997008,0,es
1441083466783735820,0,es
1.44108049275392e+18,0,es
1441075307616866308,0,es
1441074955924430852,0,es
1441073738687057920,0,es
1441072768649400327,1,es
1441067335847084036,0,es
1441065766925881344,1,es
1441058242407378946,0,es
1441049219280822272,1,es
1441046991711113219,1,es
1441046365132492802,0,es
1441044144990867459,0,es
1441039139017662482,1,es
1441036677351448578,0,es
1441030348637229063,0,es
1441028954979282945,0,es
1441021709944041483,0,es
1441021326660194306,0,es
1441014792748154882,0,es
1441009426354380801,0,es
1441008188258668545,0,es
1440990779535732736,1,es
1440965426121519106,1,es
1440927018967781376,1,es
1440912902496608256,0,es
1440911251283001344,0,es
1440898335934763011,0,es
1440888470805913600,0,es
1440887638395867138,0,es
1440886181940670466,0,es
1440886159559823369,0,es
1440885548370042880,0,es
1440881414891835392,1,es
1440879652852191234,0,es
1440876632563138562,1,es
1440872540616933376,1,es
1440865882230583298,0,es
1440860652059365379,0,es
1440859792529104901,0,es
1440858191143784449,0,es
1440857338504744961,0,es
1440854510436507657,0,es
1440849443784302595,0,es
1440841311452483589,0,es
1440841177599598595,0,es
1440834782980542475,0,es
1440834155978231809,0,es
1440830064292028416,1,es
1440829629829320705,1,es
1440828818319495174,1,es
1440825968864608260,0,es
1440825420820062213,0,es
1440823559715102722,0,es
1440816901676961797,1,es
1440811051633709056,0,es
1440805058711412737,0,es
1440798060074844161,0,es
1440795868437749761,0,es
1440791874202001418,0,es
1440790275161399302,0,es
1440790169745969154,0,es
1440785412063055874,0,es
1440783117262868489,0,es
1440773655902887941,1,es
1440762301104082948,0,es
1440746587739721728,0,es
1440743525268688899,0,es
1440742072768557061,1,es
1440731231872700417,0,es
1440721126154399757,0,es
1440716230701117450,1,es
1440710388404736002,0,es
1440707819590733841,1,es
1440692131065069579,1,es
1440688979385323529,1,es
1440684844443267073,0,es
1440679955747119125,0,es
1440678936514469899,1,es
1440675047304089608,0,es
1440671670692298757,0,es
1440660500988059683,0,es
1440636130689380352,0,es
1440632237444136970,0,es
1440631649931186177,0,es
1440609238762471428,1,es
1440602685191823360,0,es
1440602554832855047,0,es
1440575700474286081,0,es
1440521832084295688,1,es
1440519484385546259,0,es
1440516957850066958,0,es
1440506013778542592,0,es
1440503578590728194,0,es
1440499436468117506,1,es
1440499339269312513,1,es
1440495726337806345,0,es
1440493499162398727,0,es
1440488511774232580,0,es
1440487665883758600,0,es
1440486880789745669,1,es
1440483408996495365,0,es
1440482210897805319,0,es
1440479424416079876,0,es
1440474546453188610,1,es
1440472123739312128,0,es
1440467502123782144,0,es
1440464622591492098,0,es
1440464370836783114,1,es
1440458163635900423,1,es
1440449846901567488,0,es
1440440462532243464,1,es
1440437400484737031,0,es
1440436565696602114,1,es
1440434734157365252,0,es
1440421984840474630,0,es
1440416077654024205,0,es
1440413350752514055,0,es
1440409573760798720,0,es
1440407489632096267,0,es
1440386477498593282,1,es
1440384735016984581,0,es
1440382646933090306,0,es
1440380760112857090,0,es
1440373000021233670,1,es
1440372562530164740,1,es
1440363058455449607,1,es
1440362912762118152,0,es
1440354268582608906,0,es
1440349753947000833,0,es
1440348626610360327,0,es
1440334136690966539,1,es
1440328836416086022,0,es
1440323651841056779,0,es
1440308830886268934,0,es
1440297661475655682,0,es
1440274452265144322,0,es
1440211169755598858,0,es
1440176787346968579,0,es
1440170971973881869,0,es
1440159102781386752,0,es
1440145708007362560,1,es
1440141049221976071,0,es
1440120213618495490,1,es
1440116527966167043,1,es
1440096257406554116,1,es
1440057919005872138,0,es
1440045531628118029,0,es
1440042836825493513,0,es
1440038373918269446,0,es
1440021991822659592,0,es
1440019581700034567,0,es
1440001740980555778,0,es
1439997504398008328,0,es
1439989814779125775,1,es
1439984836085682180,1,es
1439973050091544579,0,es
1439972510053900288,0,es
1439971250902900743,0,es
1439970228352557060,1,es
1439968233893793792,0,es
1439954984183947268,0,es
1439948727721017352,1,es
1439944553998475269,1,es
1439942403595571201,1,es
1439928712477167621,0,es
1439927860525998084,0,es
1439927654111760396,1,es
1439924565925404678,1,es
1439918962393899013,1,es
1439917756242087948,1,es
1439875323106054151,1,es
1439823900498698240,1,es
1439816487187931137,1,es
1439810133157101574,0,es
1439809265351503875,1,es
1439802356410064903,1,es
1439786695961059328,1,es
1439783497443516419,1,es
1439783238692745219,1,es
1439778968257933315,1,es
1439776553324384269,1,es
1439771718701260801,1,es
1439764255864205318,0,es
1439762500912918528,0,es
1439759562945482753,0,es
1439756995293237250,0,es
1425903360306200600,1,pt
1425852067952963595,1,pt
1425819350259355648,1,pt
1425433980397137921,1,pt
1425428524173860873,1,pt
1425427784453742593,1,pt
1425194794796691459,1,pt
1425165580718559235,1,pt
1428064210882289667,1,pt
1428050822034755589,1,pt
1427823095725895686,1,pt
1427765670717104128,1,pt
1427647853158096901,1,pt
1427642356669497362,1,pt
1427633201992945675,1,pt
1427608719521685504,1,pt
1427603713045184515,1,pt
1427586496572370950,1,pt
1427585684278235138,1,pt
1427496094225903639,1,pt
1427231613994377222,1,pt
1427060986532532224,1,pt
1426723638259200001,1,pt
1426714804270637059,1,pt
1426711291830358023,1,pt
1426708697212915713,1,pt
1426701438856667140,1,pt
1426694004607959049,1,pt
1426692662112006144,1,pt
1426691329518620674,1,pt
1426690275582398470,1,pt
1426689316718268417,1,pt
1426685696895488002,1,pt
1426682117019287552,1,pt
1426669819366096897,1,pt
1426664407191461890,1,pt
1426663000283439110,1,pt
1426650809740234767,1,pt
1426639377325826053,1,pt
1426625208186716163,1,pt
1426618114331062275,1,pt
1426613308799569921,1,pt
1426607048284856323,1,pt
1427638059089252365,1,pt
1427619805843050497,1,pt
1427619652574842890,1,pt
1427614285283434500,1,pt
1427613987412267017,1,pt
1427612327541620742,1,pt
1427611023993942020,1,pt
1427579804207964189,1,pt
1427558838727847936,1,pt
1427557225711775744,1,pt
1427556935558176768,1,pt
1427520174551445529,1,pt
1427513533928026124,1,pt
1427460565035782150,1,pt
1427452289392988169,1,pt
1427451652953542656,1,pt
1427451645697433616,1,pt
1427442624420536323,1,pt
1427438593027477509,1,pt
1427431715094544384,1,pt
1427431417697480704,1,pt
1427425047027888129,1,pt
1427423070743105547,1,pt
1427422820586430471,1,pt
1427420378570297345,1,pt
1427417211359145988,1,pt
1427417158125039621,1,pt
1427414249639383047,1,pt
1427412549247582211,1,pt
1427409511275454464,1,pt
1427408764207046657,1,pt
1427408726282194944,1,pt
1427407908682227715,1,pt
1427406781572173828,1,pt
1427405133319712778,1,pt
1427404664455237635,1,pt
1427403657243500547,1,pt
1427403530336448512,1,pt
1427402643673165828,1,pt
1427401549899313158,1,pt
1427400871827197968,1,pt
1432371242158497798,1,pt
1432310952544903175,1,pt
1432695948371795982,1,pt
1432683298145329152,1,pt
1432674664757829634,1,pt
1432666003742277634,1,pt
1432632906166439939,1,pt
1432523792727818246,1,pt
1432506668382830596,1,pt
1432506639786053632,1,pt
1431576181183336451,1,pt
1431542401848553473,1,pt
1431497828887576576,1,pt
1431485619784531970,1,pt
1431905039392681985,1,pt
1429378623849500675,0,pt
1429262285793636355,0,pt
1430301244032172035,0,pt
1430205763654410241,0,pt
1430205665193119744,0,pt
1430190268108754949,0,pt
1430177908920815626,0,pt
1430177102414950403,0,pt
1430001490865836035,0,pt
1429923012669751298,0,pt
1429919419728289793,0,pt
1429910979131977729,0,pt
1429871037320241156,0,pt
1429867473013284870,0,pt
1429865798210932738,0,pt
1429849832731160577,0,pt
1429845932825354245,0,pt
1429843217806241797,0,pt
1429832335877410822,0,pt
1429515403290611712,0,pt
1430243984853671944,0,pt
1432053867034914819,0,pt
1432028984942923779,0,pt
1432023388084584451,0,pt
1431987594741653504,0,pt
1431977759639838722,0,pt
1431968806595923969,0,pt
1431959893045559296,0,pt
1431953122914672646,0,pt
1431926083016871941,0,pt
1431831242920579072,0,pt
1431823262045122560,0,pt
1431809664883339266,0,pt
1431759958341824513,0,pt
1431640528744034316,0,pt
1431402529594781699,0,pt
1431373291911004166,0,pt
1431055879684739072,0,pt
1430708411130335237,0,pt
1430678909805289475,0,pt
1430659173654667267,0,pt
1430614204046843905,0,pt
1430610209777541124,0,pt
1430587378138234888,0,pt
1430494385758683137,0,pt
1430489386869837835,0,pt
1430473930825945088,0,pt
1430389772623691780,0,pt
1430378321704112130,0,pt
1429977112841179136,0,pt
1432381090350645258,0,pt
1432371339357270017,0,pt
1432322698441596932,0,pt
1432166455706103809,0,pt
1432166161005924355,0,pt
1432692138735718406,0,pt
1432669324557361152,0,pt
1432663278891814915,0,pt
1432659079680364554,0,pt
1432648554938572805,0,pt
1432631978365497344,0,pt
1432631440500531203,0,pt
1432630483347771395,0,pt
1432626340335923203,0,pt
1432560275400630274,0,pt
1432558339431469058,0,pt
1432545847179350018,0,pt
1432541395206787076,0,pt
1432534746303811584,0,pt
1432529647405871106,0,pt
1432529438181367809,0,pt
1432528874831757316,0,pt
1432528250648023040,0,pt
1432528204443553793,0,pt
1432521992339591173,0,pt
1432493071686635522,0,pt
1432476230213902347,0,pt
1430171309019893760,0,pt
1429945383237656578,0,pt
1429935161500708869,0,pt
1429917608384638978,0,pt
1429905222181269507,0,pt
1429861701269213192,0,pt
1429861513486086148,0,pt
1429824707256332289,0,pt
1429820800836771846,0,pt
1429782154502889477,0,pt
1429516826992693252,0,pt
1429453070220541960,0,pt
1429435265274290178,0,pt
1429203726988890113,0,pt
1430213643900276740,0,pt
1430212026299731972,0,pt
1430211099845177344,0,pt
1429601357858840578,0,pt
1432793853187272707,0,pt
1431576112899973120,0,pt
1431575934189162498,0,pt
1431575927109074944,0,pt
1431575605267648518,0,pt
1431575476976422912,0,pt
1431574626912641025,0,pt
1431574091425882115,0,pt
1431573878778761216,0,pt
1431571634763309057,0,pt
1431571055475310594,0,pt
1431568971661185025,0,pt
1431568926249529346,0,pt
1431568846280867842,0,pt
1431568607654387712,0,pt
1431568472635584514,0,pt
1431567517932269570,0,pt
1431566610515570690,0,pt
1431566036097249284,0,pt
1431565393659846659,0,pt
1431562599548731397,0,pt
1431561367388106755,0,pt
1431560505177645056,0,pt
1431559003776106497,0,pt
1431558466007617539,0,pt
1431558392909287424,0,pt
1431558140840062980,0,pt
1431554117047132163,0,pt
1431553203859034117,0,pt
1431551097110470660,0,pt
1431544553178341377,0,pt
1431542558732214272,0,pt
1431539820824760320,0,pt
1431532740759937024,0,pt
1431532227989475329,0,pt
1431529577239699456,0,pt
1431526940570173441,0,pt
1431526538407723012,0,pt
1431524630171373568,0,pt
1431521200635797507,0,pt
1431519194177282048,0,pt
1431514702211952640,0,pt
1431510186334720003,0,pt
1431495708805304324,0,pt
1431488451908718592,0,pt
1431485172093005825,0,pt
1431483234039259136,0,pt
1431481001411284994,0,pt
1431479717052420098,0,pt
1431479363963392005,0,pt
1431935193741512705,0,pt
1431933743938347010,0,pt
1431930573136748544,0,pt
1431929214404603905,0,pt
1431927209996992520,0,pt
1431922247820877828,0,pt
1431921349568696320,0,pt
1431921034026962944,0,pt
1431915886445740033,0,pt
1431912635025575940,0,pt
1431910325834637314,0,pt
1431908663208337408,0,pt
1431905151711854596,0,pt
1431902301262958593,0,pt
1431898754853056513,0,pt
1431890902423941120,0,pt
1431890260422766595,0,pt
1431878016578293761,0,pt
1431872064080818178,0,pt
1431864977183412224,0,pt
1431862334499213313,0,pt
1431859188360175619,0,pt
1446531941323399168,0,es
1445956625647521793,0,es
1438565302267260933,1,es
1424838325005922317,0,es
1434518624664969217,1,es
1420814794404282374,1,es
1432127775339655169,0,es
1432353964939415557,1,es
1435889933655453696,1,es
1449163395115200517,1,es
1419337936756215810,1,es
1431762930492653568,1,es
1436446310916366336,1,es
1434705097276133376,1,es
1438160590166495244,1,es
1422664039096897550,1,es
1425700873494274048,1,es
1447708420350611456,1,es
1431634835416797191,1,es
1451191471713882119,0,es
1433218257826328577,1,es
1441780194000310278,1,es
1424903626070315012,1,es
1427788983203926025,1,es
1419939366227558404,1,es
1451215258928959493,1,es
1424558533027192832,0,es
1447992166379294721,1,es
1431648927170838542,1,es
1448117890541096962,1,es
1438601258781356039,1,es
1425633508136034310,1,es
1451017707046981639,1,es
1450998397675216906,1,es
1436765543512649728,1,es
1428830267578408960,1,es
1436893327794782212,1,es
1438315401163808770,1,es
1432099245797126150,1,es
1419365972063006724,1,es
1447996173386661888,1,es
1428357047175696397,0,es
1438204113007874055,0,es
1443340339448795138,0,es
1445949817314856967,1,es
1447385845896556544,1,es
1451543478744256514,1,es
1428397169170657283,1,es
1420708920801234950,1,es
1434952374297243652,1,es
1448107202238103563,1,es
1435664485927301120,1,es
1425057805061529600,0,es
1422662186963542021,1,es
1441457549446877185,1,es
1441118670831296512,1,es
1441509779185274881,1,es
1420439397577728005,1,es
1428829844314509315,0,es
1451415531706273808,0,es
1438108483321319427,0,es
1434705615138529283,1,es
1447907376246501381,0,es
1421130317302276104,1,es
1441148754866806791,1,es
1445931435747991555,1,es
1420540738862030850,1,es
1422605580435443715,0,es
1451230525755174914,1,es
1449720219639877632,1,es
1421222480174358532,1,es
1428007653230383113,1,es
1440321877717618696,1,es
1451169822373564416,0,es
1421805079854735362,0,es
1419577451785637894,1,es
1436752798423654409,1,es
1443933613914009602,1,es
1436393945710333953,0,es
1428127942559809536,1,es
1447991529834942466,1,es
1447949873580490758,0,es
1433968263281643524,0,es
1435015383958839307,1,es
1425652505535553536,1,es
1431676939887054849,1,es
1429821909613662209,1,es
1430955310492143616,1,es
1439938603795329025,1,es
1427245989962846209,1,es
1439641599005310984,0,es
1433820797794230279,1,es
1424667586961317889,0,es
1422691992232861696,1,es
1427109153277890561,1,es
1445636977152311303,1,es
1445889774120849409,1,es
1451162600738332675,0,es
1444887570140307459,1,es
1448791771237036039,1,es
1432364283254427648,1,es
1442661119257100288,0,es
1447901546650472452,1,es
1449542866838171662,1,es
1424742633101045764,1,es
1431096333016997892,0,es
1443753976764194816,1,es
1424065358252630027,1,es
1447962704929562627,0,es
1423132220026404864,0,es
1438101251951050763,1,es
1444540918992867332,0,es
1440007684137291781,1,es
1426248796854489088,1,es
1425206844767748108,1,es
1450156823424679942,1,es
1450910247342718976,1,es
1450684348353613827,1,es
1436833699212021760,1,es
1431044705895264261,1,es
1426954001774432264,0,es
1429059100982272005,1,es
1424165605645692931,1,es
1433608816613015561,1,es
1436756685981458432,1,es
1434587037680668675,0,es
1439057121346195457,0,es
1450153841157152784,0,es
1431618035400552451,1,es
1440273390326059015,1,es
1422579293067038721,1,es
1432775350111637513,0,es
1441160123313950720,1,es
1429971653056991239,1,es
1430240384836423686,0,es
1445709779414892562,0,es
1423819016943058946,0,es
1440822700604149763,1,es
1446820644801425408,1,es
1432011909344239618,0,es
1426564203243053061,0,es
1437457310385836037,1,es
1445513812812070912,1,es
1428822679784726537,0,es
1426284867986264070,1,es
1447972617516892160,1,es
1427377726529417216,1,es
1424892889025372161,1,es
1425263782293553156,0,es
1450227456800169986,1,es
1451021579186548740,1,es
1425164408729358338,0,es
1425454380774535169,1,es
1443338429660647426,0,es
1426276815082070022,1,es
1435398266477334531,0,es
1451296438479167490,0,es
1448020459954581505,1,es
1434153894960054276,0,es
1439292198248456199,0,es
1429854008559157252,1,es
1437777525074169859,1,es
1450987413350846472,1,es
1445208861825249281,0,es
1447795969848918020,0,es
1436991483547111427,0,es
1442333209350397956,1,es
1448711497069305862,0,es
1451190808707698702,1,es
1431816213454336003,1,es
1446526206950658049,1,es
1424753507601682433,0,es
1425124779917512709,0,es
1420179270564032514,1,es
1449918751512559621,1,es
1420556594966843393,0,es
1424425060081803266,1,es
1436643213255843844,0,es
1451201849546010624,0,es
1442228438560030722,1,es
1419827593600282650,1,es
1440974944503058432,1,es
1449334319865081858,0,es
1428476484860227590,1,es
1446754194304741379,1,es
1429869709793665032,1,es
1421126245115387904,1,es
1430570078303670278,1,es
1441479401955229697,1,es
1441868885561597957,1,es
1445726475097886721,1,es
1447620877340876801,1,es
1425507714264875013,1,es
1445149288720437249,1,es
1445752967877906432,1,es
1430727348312322049,0,es
1447716542465126402,1,es
1421829682475974662,0,es
1436124375489581063,0,es
1451352241105944576,0,es
1430292169978433539,1,es
1435003547876163584,1,es
1420913454853013512,1,es
1425679345947906049,1,es
1436844289514934272,1,es
1446524583125962756,0,es
1438509107372122120,1,es
1443755206131523585,0,es
1449063540212617226,0,es
1437102272719331331,1,es
1440333969883426825,0,es
1446299301811040269,1,es
1447633655011151872,1,es
1428846189915656201,1,es
1419387124776849409,1,es
1423860308590870530,0,es
1419439245698244611,1,es
1429605760288403457,1,es
1432500831169941511,1,es
1426552085546475522,1,es
1424014694625460229,1,es
1451230503135219714,1,es
1433065243471749125,0,es
1422579873730727943,0,es
1451167216368488450,1,es
1434912140360617987,1,es
1422704372987932675,0,es
1446224254408724480,0,es
1432876388361674753,1,es
1445910435123826690,1,es
1430677805344362498,0,es
1427994352916258817,0,es
1436406108009209867,0,es
1422390278317649924,1,es
1428876298668101643,1,es
1424497739409338370,1,es
1451290124352901125,1,es
1450601677753565191,1,es
1425215801334845442,0,es
1451169421058355203,1,es
1431311557250715650,1,es
1451326493141909504,1,es
1436736327039528965,1,es
1450502171926175745,1,es
1448003038820634634,1,es
1439659636202876932,1,es
1443019238785101829,0,es
1438868720143806469,0,es
1420486650686226440,0,es
1420707849857085445,1,es
1445144280595582979,1,es
1361136375844773888,0,es
1408189544390868994,0,es
1434714814522314759,0,es
1441541546382282752,1,es
1408388695724539904,0,es
1417342456895524869,1,es
1373702404114423811,1,es
1420216534329397249,1,es
1404589721615945733,0,es
1396609945676795906,1,es
1409314017294917633,0,es
1408424345995825156,0,es
1437055767572529157,0,es
1381402825960345601,1,es
1417251005633290242,1,es
1408529020661161984,0,es
1426149943278981120,1,es
1403215104469082113,1,es
1419473094138343424,0,es
1441575233316655106,1,es
1408191510839967747,0,es
1443439578652807168,1,es
1405288152235794432,1,es
1408453936370049028,1,es
1403673423457497093,1,es
1395528441257242626,1,es
1398324685121765381,1,es
1366826718091223041,0,es
1450100123749416962,1,es
1438168166585323527,1,es
1446560996567420929,1,es
1439780000027357185,1,es
1415486085124300803,1,es
1430107180443840539,1,es
1399904551583551490,1,es
1408190048785346562,0,es
1368791886371160066,1,es
1384306827886833664,1,es
1418364428341350402,1,es
1384982265495801857,0,es
1385242764644950018,1,es
1422005302703136773,1,es
1418557268912746498,0,es
1424815232195743750,1,es
1439369590019170308,1,es
1440070991317659660,1,es
1384844007394758658,1,es
1419759654213672960,0,es
1417497349476204546,1,es
1418672358114611200,1,es
1450591752478466048,1,es
1442380590163050496,1,es
1391563393497276418,1,es
1421937056272498692,1,es
1365043174352248835,1,es
1369289563995308036,1,es
1439903181912346627,1,es
1429942806785708038,0,es
1404288280879898624,1,es
1388171305434943493,1,es
1393183494961045504,0,es
1366764671932502016,0,es
1354290079481655296,1,es
1403467457273241618,1,es
1385118723640528898,1,es
1441204336197996545,1,es
1443677129082818566,0,es
1395045967032901633,0,es
1388182539261648904,1,es
1385019127325249536,1,es
1373647723669422085,0,es
1383582117267865603,1,es
1345571263654334466,1,es
1408387905106628611,0,es
1391182822304620549,1,es
1408782004263522304,0,es
1354873244361306112,0,es
1391504412565192704,1,es
1440009087664762886,1,es
1412856092816728066,1,es
1442260717252448258,1,es
1418717875611873281,1,es
1355247359320600578,1,es
1423051812035350531,1,es
1384818079843110916,1,es
1346836103345676290,1,es
1423003325822341121,1,es
1450935635846512649,1,es
1408390245012459523,0,es
1384907572503851013,1,es
1408285283271983105,1,es
1368309890167541763,1,es
1374861182448902145,0,es
1422652113088286728,1,es
1415831024290967558,1,es
1381635613871513601,0,es
1369111604026040332,0,es
1395151901713485824,0,es
1431660992782643200,0,es
1403201320685813760,0,es
1384902838304792576,1,es
1401533551573602305,1,es
1449200852531494924,1,es
1414777770090147842,1,es
1400168084300865536,1,es
1429893376636329985,1,es
1349801060580397058,1,es
1392842883854749698,1,es
1396826070637285383,0,es
1351690022009909248,0,es
1365754476532027398,0,es
1438837171755044869,1,es
1384687645415071744,1,es
1424812073461161984,1,es
1415099453707595782,1,es
1408432293551747076,0,es
1372576997021519878,1,es
1345882046481248258,0,es
1408389996751511552,0,es
1408387609995497476,0,es
1388146711676309505,0,es
1408390068776148992,0,es
1399855523659497478,1,es
1439792353573810180,1,es
1417295620805730304,1,es
1413946198797570054,1,es
1401704744943599622,1,es
1379651363760656390,0,es
1345060886583648257,1,es
1356076200423268352,1,es
1368042989453508611,0,es
1399892426509148163,1,es
1350871962432790533,1,es
1347534572007862277,0,es
1354269264212090883,1,es
1408462094320685060,0,es
1424816540587810816,1,es
1417281881469489155,1,es
1438559583979646981,1,es
1408388171734425600,0,es
1419767313226665994,0,es
1390491716432670728,1,es
1408394312002457606,0,es
1408248779980029955,0,es
1349502345596596224,0,es
1358935925397544964,0,es
1400641486467776513,1,es
1371908244483014657,0,es
1393753248662794242,0,es
1383017167583600640,0,es
1403914186728656896,0,es
1366917013734629378,0,es
1410417103300071429,1,es
1396112178655207429,1,es
1417536441505230852,1,es
1359350205435543555,1,es
1353374851231326210,0,es
1382884916778651649,1,es
1439785302176960512,1,es
1444110811211915264,1,es
1441405394115563522,1,es
1352054336919138305,0,es
1418049175443361797,1,es
1418555352963031045,1,es
1373000377931591682,1,es
1405217905793437703,0,es
1384901053003575300,0,es
1403478287226183682,1,es
1374855989808218121,1,es
1441125437044785155,1,es
1441946218955935749,1,es
1451510419474944005,0,es
1451278225930285060,1,es
1450962658807586818,1,es
1450534328656596994,1,es
1450153912011530240,1,es
1450096630657650689,0,es
1448393314810531840,1,es
1448097165805502466,1,es
1447982451565871109,1,es
1447638406536761347,0,es
1446914619964997634,1,es
1445897911750074370,0,es
1445536848529575936,0,es
1444107018097340418,1,es
1444097512424488964,1,es
1443762840779821057,1,es
1443723081982386183,1,es
1443657214212911107,1,es
1443646123797798921,1,es
1443529431465828354,1,es
1443295240861986825,1,es
1442516422203256836,1,es
1442364144598929412,1,es
1441970175914373124,1,es
1441787486418599945,0,es
1441771297277718532,1,es
1441598777350148096,1,es
1441572381982707716,1,es
1441539396256284673,1,es
1441460321881706507,1,es
1441373897564299265,1,es
1441311284557856777,1,es
1441276530601054217,1,es
1440771455290015755,1,es
1440650230475603975,1,es
1440386258656587776,1,es
1440045822524018693,1,es
1439953262648647685,1,es
1439929611199127552,1,es
1439803202984202245,1,es
1439785299945590787,1,es
1439781981261291529,1,es
1439779938857590788,1,es
1439779571277180933,1,es
1439654941849702402,0,es
1439584498270838787,0,es
1439370193478766595,1,es
1439264434367696906,1,es
1438793869567606786,1,es
1438624625731194880,1,es
1438566750744891396,1,es
1438548699592994819,1,es
1437583561255702528,1,es
1436900105907486722,0,es
1436328615659155457,0,es
1435439440697122821,0,es
1433346459303243780,0,es
1432142656822562817,1,es
1431657572013117442,1,es
1430932863151755265,1,es
1430200038400143362,1,es
1430199539516981259,0,es
1430193601900912641,0,es
1430191000237088769,1,es
1429896174497148928,1,es
1429446037861769216,1,es
1428727451291693069,1,es
1426149995590393857,1,es
1425846696299438088,0,es
1425836174610898953,0,es
1425577432363511812,1,es
1424870933173522437,1,es
1424866944193372165,1,es
1424828211360419846,1,es
1424827329570816003,1,es
1424818694950113281,1,es
1424784047256096768,1,es
1424756974911119366,1,es
1424495015561150471,1,es
1424378245739433986,0,es
1423724493332172808,1,es
1423269614016937989,1,es
1423041963880853505,0,es
1423003516638044162,1,es
1422647868544913413,1,es
1421622443119157248,1,es
1420493347836375040,0,es
1451537553002172418,0,es
1451425283433709572,1,es
1451351263770206210,1,es
1451341778590838789,1,es
1450963859016232962,0,es
1450800747285827589,1,es
1450504709945663493,0,es
1450334637897621504,0,es
1450291577558126599,0,es
1450257259339059204,0,es
1450187614850625539,0,es
1450179087755001858,0,es
1450130187253862403,0,es
1449986827495120898,1,es
1449979615829655553,1,es
1449947044173471747,0,es
1449946346744598529,1,es
1449930285332697088,0,es
1449821926273212417,1,es
1449783554515214336,0,es
1449772566005129221,1,es
1449535960086106112,0,es
1449452712328847361,0,es
1449441124767002624,1,es
1449356852089835522,1,es
1449200002383896581,0,es
1449103666334638086,0,es
1447930981231570952,0,es
1447550523742240782,0,es
1446294174614147072,0,es
1445950117610065922,1,es
1445894603169746944,0,es
1445890233908695042,1,es
1445749703677595654,1,es
1445521158900641792,0,es
1445499848505970691,1,es
1444548243430465538,1,es
1444511897643110412,0,es
1444172625828323331,0,es
1443734958984601601,1,es
1443654394461970439,1,es
1443654232406691843,1,es
1443643407574847489,1,es
1443620331164471304,1,es
1443426989541523461,1,es
1443398035795374085,0,es
1443311749235625988,0,es
1443245401700773894,0,es
1443024490452164613,1,es
1442679190055161856,0,es
1442664585023180800,0,es
1442517219053764620,1,es
1442197948876611587,0,es
1441587327222964226,1,es
1441483138622914564,1,es
1441359680157147138,0,es
1441175023868211209,0,es
1441173708916203525,1,es
1441162343094775808,1,es
1441129475140325377,0,es
1441128298386317316,1,es
1441125151144284161,1,es
1440819975489417216,0,es
1440649162270265350,0,es
1440136855362707457,0,es
1438584717486530564,1,es
1438560229311012867,1,es
1438501229177421831,1,es
1438387764555255808,1,es
1438383029433536512,1,es
1438379061009657858,1,es
1438371236040617984,1,es
1438367074141700096,1,es
1438352850170564612,1,es
1438336248909811714,0,es
1438317724577447945,1,es
1438261572632252424,1,es
1438252350175653897,1,es
1438244272575180801,1,es
1438240266729709573,1,es
1438238935474388993,1,es
1438232205629837317,0,es
1437991900301176834,0,es
1437945710830399501,0,es
1437137031767986182,1,es
1437109909716353024,0,es
1436286397351088140,0,es
1436149564453625862,0,es
1436050398209581068,1,es
1435983659992035330,1,es
1435880001455468549,1,es
1435737785076494341,1,es
1435441596607172613,1,es
1435255449377558541,0,es
1434327650491850752,1,es
1434247672534237190,0,es
1433245043100368901,1,es
1433202907940376580,1,es
1433134698310639619,0,es
1433089408442507266,1,es
1433050352841109506,1,es
1433036264459145223,1,es
1432559740337467400,0,es
1432031866035470338,1,es
1431727808125050881,1,es
1431666681970106370,1,es
1431663470768844803,0,es
1431618526998147073,1,es
1431548836808257539,1,es
1431447193299341315,1,es
1431394164479037451,1,es
1431362840737222659,1,es
1431242770023387140,1,es
1431241930248232969,1,es
1431241602706649101,1,es
1431107345766100994,1,es
1431009250231398402,0,es
1430952274176757761,1,es
1430951311516839940,1,es
1430821805078548480,1,es
1430737733467705345,1,es
1430688249060732928,1,es
1430675583701241859,1,es
1430662101224370180,1,es
1430650320091222022,1,es
1430580423252447233,1,es
1430574038674509832,1,es
1430529666373324801,1,es
1430513153931046918,1,es
1430212505876537344,1,es
1430190322697523200,1,es
1430177106097549313,1,es
1430075967003840520,1,es
1430075421064896514,1,es
1430073914026250251,1,es
1430005068665864195,1,es
1429977965543272448,1,es
1429971937153912836,1,es
1429969799933841412,1,es
1429940045612519424,1,es
1429924523927867397,1,es
1429922650810372097,1,es
1429910847695069188,1,es
1429906351568785437,1,es
1429904868714717188,1,es
1429900917244059660,1,es
1429898223599046678,1,es
1429894442002046979,1,es
1429893033399623680,1,es
1429875097104523265,1,es
1429873924033155077,0,es
1429865904918179854,1,es
1429855973280260103,1,es
1429855068455636995,1,es
1429851251030695942,1,es
1429848832347627521,1,es
1429847526694346767,1,es
1429847166005227520,1,es
1429847094454636548,1,es
1429842439137857537,1,es
1429836013715742723,1,es
1429821773751664641,1,es
1429820578668548096,1,es
1429820247247257608,0,es
1429817279647191052,1,es
1429817125867241472,1,es
1429814971718852612,1,es
1429808012890447873,1,es
1429801634868178945,1,es
1429789761024180232,1,es
1429770398267281409,1,es
1429750011978518537,0,es
1429684696519163904,1,es
1429671416585232387,1,es
1429659711343714312,1,es
1429617489575497732,0,es
1429606401777840130,1,es
1429601573047578626,1,es
1428799725818494980,1,es
1427770122953904129,1,es
1427381479839961108,1,es
1427350329277001730,1,es
1427123246877474820,0,es
1426964054053163011,1,es
1426427148286504960,1,es
1426257141766279173,1,es
1426249548851200008,1,es
1426176530015657986,1,es
1426037048184643587,1,es
1426002240133861376,1,es
1426002181711437825,1,es
1425994762780172288,1,es
1425673127799951362,1,es
1425658250452606976,1,es
1425657075808493569,1,es
1425631669550153728,1,es
1425628334344507398,1,es
1425615223025807362,1,es
1425612176262320133,1,es
1425607951268646913,1,es
1425605668267073541,1,es
1425601347739693058,1,es
1425596233624789000,1,es
1425591831492907008,1,es
1425587686807678976,1,es
1425584362301624329,1,es
1425564532009807877,1,es
1425556157331083268,1,es
1425550351277637636,1,es
1425542002049966084,1,es
1425540101401108480,1,es
1425532814859149319,1,es
1425532362901839872,0,es
1425532152112984074,0,es
1425529454852509705,1,es
1425529210450350082,1,es
1425511872615354380,1,es
1425502894023970824,1,es
1425497874238935040,1,es
1425318103345471488,1,es
1425301256055115780,1,es
1425284293551603713,1,es
1425255413612695554,1,es
1425245626917343237,1,es
1425109610805940224,0,es
1424924879275667487,1,es
1424890175394570246,1,es
1424877385535606787,1,es
1424838170802262017,1,es
1424837466092195843,1,es
1424821352335351815,1,es
1424813561142972416,1,es
1424804283908771849,1,es
1424780607708536838,1,es
1424772917108297730,1,es
1424766332235440128,1,es
1424753157519839233,1,es
1424752862903607303,1,es
1424750196366340099,1,es
1424736788028010498,1,es
1424733794590986240,1,es
1424727979784130569,1,es
1424727493341220874,1,es
1424649137371365382,1,es
1424600761615462400,1,es
1424594606642147330,1,es
1424587151371612167,1,es
1424585587797991425,1,es
1424577210560696331,1,es
1424573188172881921,1,es
1424573044706709507,1,es
1424571394466226178,1,es
1424536321725325315,1,es
1424523802688606208,1,es
1424515221180272640,1,es
1424493059564314625,1,es
1424490164991168512,1,es
1424482040028844032,1,es
1424476592731049984,1,es
1424473494373367809,1,es
1424461422864572418,1,es
1424460691797250049,1,es
1424455351848550407,1,es
1424441995288776707,1,es
1424432959709405190,1,es
1424421572882968581,1,es
1424421360722497537,1,es
1424417718917292038,1,es
1424416212612796418,1,es
1424406638459502592,1,es
1424393824911208454,1,es
1424386997590925320,1,es
1424373081250975751,1,es
1424369553224708100,1,es
1424358031366791171,1,es
1424228820568219648,1,es
1424190732882092035,1,es
1424132662592159745,1,es
1424129623529455622,1,es
1424122919559499777,1,es
1424122659751739392,1,es
1424121722861666308,1,es
1424119790105399297,0,es
1424111050585255936,1,es
1424089743873265664,1,es
1424061111423352836,1,es
1424010429689434115,1,es
1423844624247009290,1,es
1423830992700133380,1,es
1423829461666082819,1,es
1423796022833078277,1,es
1423789652775997442,1,es
1423745187550007303,1,es
1423670088599629832,1,es
1423668669431877639,1,es
1423646741807652866,1,es
1423644191347941383,1,es
1423635710901465091,1,es
1423632061718573057,1,es
1423590714571513856,1,es
1423553472310431744,1,es
1423502384458878976,1,es
1423488445184413702,1,es
1423457772377608193,1,es
1423448866066739201,1,es
1423428087925153798,1,es
1423373162310418439,1,es
1423366708803227649,1,es
1423346019207688195,0,es
1423341687196110859,1,es
1423329761896681479,1,es
1423308677562445830,1,es
1423307572526952457,1,es
1423249803887222784,0,es
1423181368457109508,1,es
1423157291210133504,1,es
1423151051281092608,1,es
1423142640116133892,1,es
1423110046125236227,1,es
1423101522561290240,1,es
1423094582682607620,1,es
1423064435443240967,1,es
1423063480001777673,1,es
1423053237662494725,1,es
1423032903009701890,1,es
1423026800700137477,1,es
1423005657460920324,1,es
1422977538498961411,1,es
1422940919809118213,1,es
1422934967047294976,1,es
1422923036400013312,1,es
1422921104008663051,1,es
1422918503074603008,0,es
1422909690887950337,1,es
1422902091467554816,1,es
1422778747149762562,1,es
1422771885977260032,1,es
1422752227546976260,1,es
1422745849470279683,1,es
1422734447502311425,1,es
1422734061387325444,1,es
1422727575194017794,1,es
1422720971895681024,1,es
1422720952773795844,1,es
1422689329235718144,1,es
1422688590363074563,1,es
1422688216965173249,1,es
1422681676665212931,1,es
1422655799533490176,1,es
1422549842585284609,1,es
1422470246095589376,1,es
1422437996406607876,1,es
1422361722258665473,1,es
1422313783192657929,1,es
1422014566666579970,1,es
1421934109727891466,1,es
1421857122925649922,0,es
1421815292460773382,1,es
1421700976294121473,1,es
1421513221576568833,1,es
1421505255188148226,1,es
1421341683321552896,1,es
1421305876984606725,1,es
1421293115680362501,1,es
1421238342449045504,1,es
1421229466735595523,1,es
1421105105273819136,1,es
1421075455784988673,0,es
1420939405599125513,0,es
1420862349250949120,0,es
1420843212499980296,1,es
1420794646033223688,1,es
1420773514420932611,1,es
1420734086033907717,1,es
1420599085707546636,1,es
1420483506141122560,0,es
1420480415777787907,0,es
1420397852837220363,1,es
1420236720809955328,0,es
1420235910134763520,0,es
1420226568765411334,1,es
1420218693993304066,1,es
1420210793338048513,0,es
1420162264921829376,1,es
1420149758488948739,1,es
1420128933803184129,0,es
1420101706071920651,0,es
1420097309338226690,1,es
1420069265198272514,0,es
1420065790263320582,1,es
1420056323614416898,1,es
1420042387427110921,1,es
1420032732525211651,1,es
1419894880483135499,1,es
1419872137356222465,1,es
1419843732606619650,1,es
1419788546513244170,1,es
1419723274045509637,1,es
1419675929652178947,0,es
1419633465243406337,1,es
1419539112365891584,1,es
1419504279749074948,1,es
1419474206945861637,1,es
1419396640432168968,1,es
1419395040166690816,1,es
1419345924304822272,1,es
1419330372978892801,1,es
1419297772013080579,1,es
1419259851524423685,1,es
1441760464673837062,0,pt
1424070639862824967,0,pt
1424161547966894082,1,pt
1432890870731350017,1,pt
1421161113941651456,1,pt
1442908522849570817,1,pt
1444476347741622273,0,pt
1419825604258635776,0,pt
1440319820860301329,1,pt
1430276075708354561,0,pt
1445005161613692934,0,pt
1419781329642827776,0,pt
1438120403403218959,0,pt
1436487263228203022,0,pt
1428456487052001285,0,pt
1436305149111242754,1,pt
1435735071919689731,0,pt
1444413881397415941,0,pt
1432580651291713540,0,pt
1419271695576281090,0,pt
1435068335205588994,1,pt
1424538165797347329,0,pt
1428010129698562051,0,pt
1428010429666693129,0,pt
1441023524185862150,0,pt
1425497385581563908,0,pt
1430207124240576514,1,pt
1432745181443465220,0,pt
1432679785646469126,0,pt
1445805518493257728,0,pt
1425510272798760968,0,pt
1419500121646059520,0,pt
1450120942328303620,1,pt
1439220147370266628,0,pt
1442909960933756929,1,pt
1437569964270100484,0,pt
1422745360146079744,0,pt
1435900624772730880,0,pt
1436292996920745985,1,pt
1423977108049641473,0,pt
1425891188318552070,0,pt
1441066252265525248,1,pt
1445024874985136129,1,pt
1445838887843205125,0,pt
1435779642212945920,1,pt
1443407790907740160,0,pt
1419800330053763077,1,pt
1447155791836893185,0,pt
1441441082764455937,0,pt
1449809151241162754,0,pt
1443386997779968006,1,pt
1448011949866893316,1,pt
1423438511840055304,0,pt
1446277280288972801,1,pt
1419355498449604614,1,pt
1441066616687575040,0,pt
1440160900279799814,0,pt
1442087274867535872,1,pt
1444065821366624259,0,pt
1446342875768307712,1,pt
1441908585504595968,0,pt
1427820309122584580,0,pt
1436128635811942402,1,pt
1427373977001992203,1,pt
1426935247157923845,0,pt
1424017528897036293,0,pt
1441791437683761152,0,pt
1429818085603741700,1,pt
1448988218515468292,0,pt
1427013277289230341,0,pt
1430667555778220035,0,pt
1429252154892726278,1,pt
1428035055063085063,0,pt
1434920630147747847,1,pt
1440353797847478275,1,pt
1424649769692110850,0,pt
1419244296516030464,1,pt
1430523050928320517,1,pt
1443804269010903040,1,pt
1424395191394373633,0,pt
1441745235848187906,0,pt
1443977790890594305,0,pt
1435045086652424198,0,pt
1445126328009822214,0,pt
1441722275187748871,1,pt
1436421682751807517,0,pt
1450792492715200519,1,pt
1431905052323717122,1,pt
1436351475228237828,0,pt
1437567915000221696,0,pt
1441756463651639302,0,pt
1441555704721125376,0,pt
1432771620641378309,0,pt
1435335983805960193,1,pt
1450156336050802691,1,pt
1445080578567643137,0,pt
1428941363085774850,0,pt
1447322289918332928,0,pt
1449217903056891904,0,pt
1429098418761310220,1,pt
1432397780769722370,0,pt
1444153284487520261,0,pt
1426757155353411585,0,pt
1432691774879936522,0,pt
1431374855472025605,0,pt
1423330548819402757,0,pt
1428014350900551693,0,pt
1446172106987917312,1,pt
1422600541356675076,0,pt
1432077843194957825,1,pt
1435650029193244675,0,pt
1423433313226735622,0,pt
1437534617075167232,0,pt
1436293071990370321,1,pt
1421897075105611782,0,pt
1419355361371381762,0,pt
1437512876697300997,0,pt
1431262247033184265,0,pt
1420863641881096199,0,pt
1441745602010914816,0,pt
1440023728600096775,0,pt
1430285659047071745,1,pt
1446427912312442898,1,pt
1435987874160259072,0,pt
1436325313714298880,1,pt
1436084947052281857,1,pt
1428025949082329098,1,pt
1444762456379822083,0,pt
1448012406177861637,0,pt
1437423617642582019,0,pt
1444346427736563715,0,pt
1429112538512478211,0,pt
1429058243091996673,1,pt
1425108433452339209,0,pt
1427693338161987585,0,pt
1425294358069268485,0,pt
1445570522662596608,0,pt
1440295073841778694,1,pt
1432814523371687938,0,pt
1449036908856856582,1,pt
1430691890442166280,0,pt
1425166951735775248,0,pt
1448324269319073793,0,pt
1447018511344312321,0,pt
1432490201205592070,0,pt
1448679980230184961,1,pt
1420562064066633730,1,pt
1449405109042044929,0,pt
1446339992888954902,0,pt
1441133934553694213,0,pt
1450101518540083203,0,pt
1446657701279412230,0,pt
1441445559022366720,0,pt
1421146973520945163,0,pt
1442191103483076609,0,pt
1422512558431424513,0,pt
1419698553153376263,0,pt
1424361920501583876,0,pt
1441760391068016640,0,pt
1421822084410449920,0,pt
1435405715485691909,1,pt
1436423523950604302,1,pt
1420154117729751040,0,pt
1441764326193332226,0,pt
1429769625668096008,0,pt
1433971259159707648,0,pt
1419812200080936964,1,pt
1444745807559790594,0,pt
1445137464344170498,0,pt
1427230280742539264,0,pt
1425453394353872896,0,pt
1421883482293350400,0,pt
1436428428518084610,1,pt
1434693619542339586,0,pt
1436406613515046915,0,pt
1429141493030207493,0,pt
1436708905745268739,0,pt
1423439931511353348,0,pt
1442303767202861056,0,pt
1436350490825084942,1,pt
1434282932630392835,0,pt
1442892154188165130,0,pt
1439331215312556040,0,pt
1432813458966425612,0,pt
1441767346721497094,0,pt
1432684234058125317,0,pt
1434567368244662272,0,pt
1443265959729541125,0,pt
1427604395202695171,0,pt
1444718440938418179,1,pt
1424831390542180358,0,pt
1432653359127973889,1,pt
1449275290757251075,1,pt
1446229685701120004,1,pt
1430546104320466948,0,pt
1428000570154135553,1,pt
1444761910768029705,0,pt
1430198953698598922,0,pt
1435259653194227713,0,pt
1422387909445947393,0,pt
1435198420994641922,0,pt
1425068324959002625,1,pt
1432684356166995969,1,pt
1419295412452839426,0,pt
1422328644685402121,0,pt
1436407419316359168,0,pt
1446298983777939483,1,pt
1426244079504044037,0,pt
1435067188566712323,0,pt
1450063619098562561,0,pt
1419828763886596121,0,pt
1441763059328978950,0,pt
1428042835782164487,0,pt
1436114829534769153,1,pt
1446630967213494275,0,pt
1446815953602367492,1,pt
1436457611432546304,0,pt
1435771302657339395,0,pt
1444733438469234689,0,pt
1425124882862518276,1,pt
1424143442876280838,1,pt
1425416327150325765,1,pt
1420034973235613700,1,pt
1441521057488203776,1,pt
1447535160057008133,1,pt
1446936906781151247,1,pt
1445197257536589831,0,pt
1428502630867873798,1,pt
1420005031127003137,0,pt
1423604788973953026,1,pt
1428163155520282625,1,pt
1437820373228298241,0,pt
1419837681870180356,1,pt
1427818132308217857,0,pt
1432665199727759363,0,pt
1441969436186058753,0,pt
1436061520790704131,0,pt
1440692387680948227,1,pt
1437460424295948288,0,pt
1422511548283621382,0,pt
1432596895550124032,0,pt
1449172421597085703,0,pt
1434393553510219777,1,pt
1425522696385966092,0,pt
1420500658650767367,0,pt
1428009445896904715,0,pt
1441956742871535616,0,pt
1428582395117195272,0,pt
1448339013165895684,0,pt
1446847800700977156,0,pt
1430325726067232771,1,pt
1446881745606004742,1,pt
1440675269937795072,0,pt
1444663401800740869,0,pt
1427314588480065537,0,pt
1436331332313956352,0,pt
1432423570328674311,0,pt
1425154344580702216,0,pt
1433019681531650049,1,pt
1445721252006711299,0,pt
1432675502729437192,1,pt
1442260574067331076,1,pt
1432112003301224452,0,pt
1419799069862637569,1,pt
1430349525827440646,0,pt
1451509970365784077,0,pt
1444188064411181056,1,pt
1447391393731710977,0,pt
1424034832020119553,1,pt
1427203955306733579,0,pt
1421681594499272707,0,pt
1446906522915725316,1,pt
1428687808273727495,0,pt
1419426679961882633,0,pt
1429126833077882881,0,pt
1438926852773629954,0,pt
1432804376033304581,0,pt
1424878781601300492,1,pt
1435607909459795976,1,pt
1441761993082359820,0,pt
1429240623748501506,0,pt
1441828006029262848,1,pt
1439347928947118083,0,pt
1428009735178051589,0,pt
1438880752490401795,1,pt
1447018218695106562,0,pt
1449810441778122756,1,pt
1430899134605627406,0,pt
1432085253129179142,0,pt
1427758239714848773,0,pt
1420003093761167402,1,pt
1420750948436115457,0,pt
1435523725806522369,0,pt
1422762685998018560,0,pt
1421600678229815299,0,pt
1445382427942215683,0,pt
1425498275906457604,0,pt
1435079931910922242,1,pt
1448074114879590404,1,pt
1441864843330531328,0,pt
1441372317322412041,0,pt
1440491260607746052,0,pt
1431646054060068866,0,pt
1433775629183471629,0,pt
1430833100184068097,0,pt
1445576972004847620,0,pt
1441539484600918018,1,pt
1446081854717714434,0,pt
1443316385745186825,0,pt
1430303915740966915,1,pt
1446102399890886657,1,pt
1427820257960415234,0,pt
1438087647843557377,0,pt
1428009427995697152,0,pt
1441751021617885185,1,pt
1432055198629908485,1,pt
1428158022296162304,0,pt
1441826201178345472,0,pt
1447543669330960386,0,pt
1447219193078816768,0,pt
1435056558505959424,1,pt
1430319359239544837,0,pt
1436130778241544196,0,pt
1427000768633229314,0,pt
1441853319354327041,0,pt
1435654690025443330,1,pt
1441790064040628229,0,pt
1424533803855405061,0,pt
1441771073209503746,0,pt
1428031790237765639,0,pt
1432364694191419396,1,pt
1446776344868700166,1,pt
1429449051691487235,0,pt
1420925662597058564,0,pt
1437233219250835456,0,pt
1433982013661384705,1,pt
1441532362827857921,1,pt
1435085082528821255,1,pt
1434942912404537348,1,pt
1432705670223175684,1,pt
1419949902600318976,1,pt
1442207021835685893,1,pt
1435066385076469760,1,pt
1438969234797699073,0,pt
1445359125047750656,0,pt
1432677890697617415,0,pt
1421120649792212995,0,pt
1440011133809840137,0,pt
1430649643919085570,1,pt
1421268537432227843,1,pt
1430286463430766596,0,pt
1420573918981672962,0,pt
1424034608669134854,0,pt
1448795602024869891,0,pt
1441762553403748353,0,pt
1435054841211068422,0,pt
1447335415648817152,0,pt
1435316163035140108,0,pt
1433929725211287555,1,pt
1439195916615962629,0,pt
1426285930554535937,0,pt
1441802282153218050,0,pt
1435943535077888000,0,pt
1446199947720904707,1,pt
1444616419656806402,1,pt
1445227329299615749,0,pt
1442906255291392008,1,pt
1419499406659883010,1,pt
1427379510492729354,1,pt
1420588026917437440,0,pt
1431214773279105027,0,pt
1446835663807127556,0,pt
1434935104346939409,1,pt
1441744937532502022,0,pt
1446435787390820352,0,pt
1435371412659769344,0,pt
1441955584371167235,0,pt
1420467050854719491,0,pt
1435086650330296320,1,pt
1449399154761994244,0,pt
1442223844610109447,0,pt
1449409481549524992,1,pt
1441765075669426179,0,pt
1449054604969271303,1,pt
1423389212016058370,0,pt
1445841943276122113,0,pt
1419321258131472390,1,pt
1441810122850938882,0,pt
1426960796727267336,0,pt
1419455955167764483,0,pt
1427016537681059842,0,pt
1440488167694475264,1,pt
1436384954666168329,1,pt
1429855867176882176,0,pt
1444046343048208387,1,pt
1432850205444030464,1,pt
1436727394023452679,0,pt
1427717653343449103,0,pt
1428755207937314825,0,pt
1419190253794037764,0,pt
1419835026724859916,0,pt
1448442553213325313,1,pt
1431024802970718209,0,pt
1449870198899679237,0,pt
1435930465375039489,0,pt
1447568417133932544,0,pt
1445549108899422215,0,pt
1430478059463917576,1,pt
1435934006063796225,0,pt
1423310418030829575,0,pt
1435163053302206466,0,pt
1440371023656808462,1,pt
1422328991508221955,0,pt
1450522610475929607,0,pt
1436054787133480960,0,pt
1423994789997993987,0,pt
1435593423378132998,1,pt
1443945727042936833,0,pt
1437756351900495873,0,pt
1427804513205882883,0,pt
1442463045654040577,1,pt
1443954470367412267,1,pt
1439266919807438852,1,pt
1441757767556026375,0,pt
1441041517712494596,1,pt
1441445163755130880,0,pt
1423764957615828998,0,pt
1436410517199986704,1,pt
1435080244239736833,1,pt
1441741437218041856,0,pt
1448438859663020032,1,pt
1428760751259410441,0,pt
1436554897701363713,1,pt
1444511207818465280,1,pt
1443382331943833601,1,pt
1419817917089292290,0,pt
1430548017606795266,0,pt
1425121478178127876,0,pt
1436407053078106113,0,pt
1429779316871663623,0,pt
1436380460918218759,0,pt
1425421534684925955,1,pt
1432663499298287617,1,pt
1441231498594508807,0,pt
1427801295134543877,0,pt
1435002446405832708,0,pt
1441761503179325444,0,pt
1439950496530317312,0,pt
1435069238029570051,1,pt
1429895219600891907,1,pt
1437922060689412100,0,pt
1445362573017325570,1,pt
1450924624045281281,1,pt
1435303538796777477,1,pt
1436179825450967041,0,pt
1445467497293967360,1,pt
1435676630001852420,0,pt
1446863524177788932,1,pt
1432099425418104836,1,pt
1444774504622870533,0,pt
1432821811603980289,0,pt
1425127962882498560,0,pt
1448178665880162306,1,pt
1447388402006077444,0,pt
1444721971225313285,1,pt
1435609934553616386,1,pt
1429270538589966338,0,pt
1440829324236517379,1,pt
1448331029819842564,0,pt
1419747452228407300,0,pt
1446584870050934791,0,pt
1440403765081767937,0,pt
1436481786180247553,0,pt
1438570930842783750,0,pt
1432746262101626883,1,pt
1419311103339896835,0,pt
1435072587701309446,1,pt
1446966948290498562,1,pt
1448136366697578496,0,pt
1443400461101543425,0,pt
1430496667489423363,0,pt
1447268332604956672,0,pt
1420174752082284547,0,pt
1450673107522539523,1,pt
1435271651365634049,1,pt
1441742694267633664,0,pt
1441769945977835520,0,pt
1447256746066685968,0,pt
1444435884431056896,0,pt
1441838089635172357,0,pt
1424205005712728078,1,pt
1430312803945095171,1,pt
1432100204824743940,0,pt
1424250585537261569,0,pt
1424157245907128320,1,pt
1451001110949502978,0,pt
1440343297822629900,0,pt
1436289026038845478,1,pt
1435630296175681545,0,pt
1446836491515305986,1,pt
1437560620891754500,0,pt
1441013131216658437,0,pt
1428029651226710027,1,pt
1439393753912029187,0,pt
1427297886853869574,0,pt
1424354529525518339,0,pt
1439604265543143430,1,pt
1430036540114317316,0,pt
1441744030744727552,0,pt
1430571119048855555,0,pt
1425951966719524871,0,pt
1419464870827855875,1,pt
1430154640834846720,1,pt
1430918409097785350,0,pt
1444717477875879942,0,pt
1444723968909496324,0,pt
1422692650881372165,1,pt
1447662523419873280,0,pt
1437515304310038534,0,pt
1444850043480068101,0,pt
1444349998259376131,0,pt
1444737648514551815,0,pt
1441689172109107205,0,pt
1445075364217335837,1,pt
1436734078494167040,1,pt
1422543015571345411,1,pt
1424205346621566979,1,pt
1419865581214486529,1,pt
1435737728449196034,0,pt
1423855953720512512,0,pt
1429057877034119173,0,pt
1439869278887555074,1,pt
1421781548534218754,0,pt
1436308771123380232,1,pt
1430916084136296451,0,pt
1437419640288907265,1,pt
1431970453493534725,0,pt
1442674299526164482,0,pt
1435805009237643267,0,pt
1450412087193346054,0,pt
1427227678130806788,1,pt
1427729743022071809,1,pt
1440094410377764864,0,pt
1442331182956417026,0,pt
1424819746650869765,0,pt
1445387816733716485,0,pt
1444737022137184256,0,pt
1446948143615119369,1,pt
1424160685404078083,1,pt
1428034723327221765,1,pt
1444645345636536320,0,pt
1446133696076017671,1,pt
1430642818998022146,0,pt
1435459659276689410,1,pt
1441759590664769538,0,pt
1420077398133981189,0,pt
1432417166394068999,1,pt
1438483855753846784,0,pt
1437869038164750340,0,pt
1437742759054610435,0,pt
1441744532329074688,0,pt
1449275489500139523,1,pt
1440333872336551940,1,pt
1449466233766785029,1,pt
1428019331007406086,1,pt
1424065516243726338,0,pt
1448695700477317124,0,pt
1435479240099647488,0,pt
1431008654514401288,0,pt
1420532651035930625,0,pt
1436407399330504715,1,pt
1432842067911315456,0,pt
1434926972271054850,0,pt
1432769971600363523,0,pt
1436816233827999746,0,pt
1441818236903837705,0,pt
1436405197362827294,0,pt
1432357835342553089,0,pt
1441882804342587394,0,pt
1420473393753870337,0,pt
1428524657385299968,0,pt
1422212331220709376,0,pt
1426859118946668548,0,pt
1441439312646574083,0,pt
1442291673296482305,1,pt
1432683768062619651,0,pt
1436067268740456451,0,pt
1438273016555839492,0,pt
1439364647132532736,0,pt
1430618688282144771,1,pt
1443928886711095298,0,pt
1434899665992945671,0,pt
1428783755171450889,0,pt
1448430860705927174,1,pt
1449792803261886473,0,pt
1436404465754574865,1,pt
1432953423641694211,1,pt
1448748844729131011,0,pt
1435356956127109122,1,pt
1427635230861627400,0,pt
1432681698613993473,1,pt
1446478166009204741,0,pt
1432705303477432343,0,pt
1442949550579224576,0,pt
1442528559852048386,0,pt
1433645242801135620,0,pt
1426920071650291713,1,pt
1446845306348478465,0,pt
1433150590993977353,0,pt
1441787347100708864,0,pt
1441093673781903361,1,pt
1447280611417210881,0,pt
1446458352930856968,0,pt
1425630800670777345,0,pt
1420747934769971209,1,pt
1449416185586532358,0,pt
1441838579307540481,0,pt
1438278209280385028,1,pt
1424521441907822595,0,pt
1427037447007969282,1,pt
1427140493545246721,0,pt
1441744416251670534,0,pt
1450154511591514114,1,pt
1432111635146149891,1,pt
1436412781616631813,1,pt
1431971268895690753,0,pt
1422175540287578120,0,pt
1439270454825472005,1,pt
1441063465381085185,1,pt
1419267324461387776,0,pt
1430622670303944704,1,pt
1427694286972260353,0,pt
1428501687824568322,1,pt
1419802553676668929,1,pt
1440694605163352064,1,pt
1424306265824677894,0,pt
1435855694666899459,0,pt
1448686684464418825,0,pt
1427782412449325061,0,pt
1419226351303892995,0,pt
1441744039045439489,0,pt
1441744694342569986,0,pt
1441823491800588288,0,pt
1435807347654410245,0,pt
1447908469915389958,1,pt
1441837482350465024,0,pt
1423783889022201860,1,pt
1448223827302002691,1,pt
1432784630046932992,0,pt
1430606042904375301,0,pt
1441771992298897426,0,pt
1421108213877968896,1,pt
1441765390485446657,0,pt
1450874506780762125,0,pt
1441738684663943174,0,pt
1435366051055915008,0,pt
1432365961663950852,0,pt
1435645573886091265,0,pt
1439195139164057602,1,pt
1444844550506352646,0,pt
1421081991030661121,0,pt
1451495695588921346,0,pt
1434843056386215940,1,pt
1426383311455367168,0,pt
1446828215847243777,1,pt
1435271337103163392,0,pt
1437862386485141509,0,pt
1441781575998451713,0,pt
1440607268446244874,0,pt
1429090590818439170,0,pt
1447197738521792512,0,pt
1420201297484132352,0,pt
1434185732403437568,0,pt
1435741994148638724,1,pt
1426144025879453705,0,pt
1435092280868757509,0,pt
1441808347485782018,0,pt
1429321596100022272,0,pt
1439021285418446855,0,pt
1426196045751521282,0,pt
1436428457018335233,1,pt
1448401481938444288,1,pt
1442894579603177483,1,pt
1451354351201574916,0,pt
1441921840956514304,0,pt
1420866248393601031,1,pt
1448983897367367686,0,pt
1430543902071828489,0,pt
1439961568679243777,0,pt
1440361526062313479,1,pt
1435384783148830721,0,pt
1419153138054008834,0,pt
1437100772420902912,0,pt
1443677318879326214,0,pt
1432381191471222785,0,pt
1435289499437785099,0,pt
1449497226967928836,1,pt
1429154577144852482,0,pt
1435320119983579137,1,pt
1436726713505959939,0,pt
1430327381047324673,1,pt
1448521145397825537,1,pt
1419250688106930179,1,pt
1446505232666697739,1,pt
1441765825573228547,0,pt
1438886724466315266,0,pt
1437053974759288838,0,pt
1441842951857057797,0,pt
1441733739524939778,0,pt
1442908522849570817,0,pt
1444476347741622273,0,pt
1419774980729020416,0,pt
1419825604258635776,0,pt
1420484468780019713,0,pt
1419829256918536192,0,pt
1421276257581518856,0,pt
1436487263228203022,0,pt
1438944067346436107,0,pt
1440412958224355337,0,pt
1444043198687502344,0,pt
1435735071919689731,0,pt
1425185131141246976,0,pt
1420508492662820865,0,pt
1423301797532295171,0,pt
1446286333610274818,0,pt
1434568053660917764,0,pt
1435068335205588994,1,pt
1438524902382784518,0,pt
1428010129698562051,0,pt
1428010429666693129,0,pt
1428371084680876037,0,pt
1.4227089429632e+18,0,pt
1443392992451125256,0,pt
1425497385581563908,0,pt
1423588496627875843,0,pt
1436461506766548993,0,pt
1422514490516676610,0,pt
1431027520149807111,0,pt
1432822938110251014,0,pt
1429184451913949187,0,pt
1425952907011182600,0,pt
1450120942328303620,0,pt
1437569964270100484,0,pt
1427716224436342785,0,pt
1439024298316992515,0,pt
1446674360698298368,0,pt
1434915332846673924,0,pt
1440413676352143364,0,pt
1447155791836893185,0,pt
1441163378165227520,0,pt
1441443439208435713,0,pt
1440449352728645635,0,pt
1433072401907163139,0,pt
1440160900279799814,0,pt
1423365075692314628,0,pt
1427820309122584580,0,pt
1419460487348097028,0,pt
1427373977001992203,1,pt
1439731588242288648,0,pt
1433392717934043138,0,pt
1441745398775758857,0,pt
1420153571589378049,0,pt
1424002674731757572,0,pt
1424649769692110850,1,pt
1441789258394652675,0,pt
1419400368283344896,0,pt
1435818240404508672,0,pt
1443977790890594305,0,pt
1451360156730728451,0,pt
1432381052132204547,0,pt
1432138891390300163,0,pt
1428870040464596997,0,pt
1444153284487520261,0,pt
1432657240415162371,0,pt
1428014350900551693,0,pt
1423748834249871373,1,pt
1446588321191313408,0,pt
1436052003856203785,0,pt
1421578803994824715,0,pt
1440608210767912972,0,pt
1446652318724800513,0,pt
1425588539987746817,0,pt
1420892551922556935,0,pt
1448012406177861637,0,pt
1437423617642582019,0,pt
1431566354130345987,0,pt
1445570522662596608,0,pt
1422618901997920256,0,pt
1446339992888954902,0,pt
1424124063136550917,0,pt
1449818507198222343,0,pt
1425453394353872896,0,pt
1421554593520099336,0,pt
1427013415021776901,0,pt
1438630194139516940,0,pt
1436708905745268739,0,pt
1444445262257299459,0,pt
1424816392730185729,0,pt
1427604395202695171,0,pt
1444329448225058818,1,pt
1423698672433483785,0,pt
1429399108050108422,0,pt
1426244079504044037,0,pt
1420449313772163076,0,pt
1437460424295948288,0,pt
1441760782233047041,0,pt
1420500658650767367,0,pt
1436331332313956352,0,pt
1414369654441533441,1,pt
1406382807404797956,1,pt
1426544568028311552,1,pt
1398745177775390725,1,pt
1434546920215744512,0,pt
1437074659795738626,1,pt
1427456487480348681,1,pt
1396647181986189312,1,pt
1437124732512518151,1,pt
1427474888835600386,1,pt
1392568609461919747,1,pt
1417892001480159235,1,pt
1410620323439923204,1,pt
1398743879088803840,0,pt
1396970148343463936,0,pt
1409953100375465987,1,pt
1415404278324281344,1,pt
1439020547531227136,1,pt
1429494931798827008,1,pt
1423425679043989504,1,pt
1414225384497876993,1,pt
1426513952356409345,1,pt
1420893645499207687,1,pt
1438109333397643266,1,pt
1422977950597750789,1,pt
1426536908855861255,1,pt
1435369080589103105,1,pt
1401687920327774214,1,pt
1411516276489428992,0,pt
1395109690984603648,1,pt
1435060332356116480,1,pt
1431395315068907522,1,pt
1392888370460864516,1,pt
1425254778041425927,1,pt
1427785944430698505,1,pt
1411490753897979905,1,pt
1411733917552496640,1,pt
1401729056073191425,1,pt
1431394355194077191,1,pt
1409568924988022787,1,pt
1434653142541651979,1,pt
1418547011356446725,1,pt
1399132206291894273,0,pt
1415404013462462464,1,pt
1390656930406969346,1,pt
1435204553725648903,1,pt
1438905401039364102,1,pt
1395011224274866180,1,pt
1402939459205844992,1,pt
1431343684474310665,1,pt
1426526122427174913,1,pt
1407424537243828228,1,pt
1400580495654670340,1,pt
1427788050118193153,1,pt
1438964792832708613,1,pt
1434545943924428804,1,pt
1437751170848657411,1,pt
1438166974304067592,1,pt
1395507103729688584,1,pt
1427474547637379074,1,pt
1398033652739678208,1,pt
1429854724866641928,1,pt
1435280455922749445,1,pt
1411501922562019330,0,pt
1400221914623250434,1,pt
1429554447093481474,1,pt
1400223896750759936,1,pt
1396621977658482696,1,pt
1438178794435751937,1,pt
1437085058716901385,0,pt
1433781022991306772,1,pt
1427605432483340288,1,pt
1410623401371254793,1,pt
1437080268616122375,1,pt
1435060449792479235,1,pt
1417938179026522114,1,pt
1410356518340509696,1,pt
1437080747836379143,1,pt
1412779857356984321,1,pt
1435329884868448258,1,pt
1431250273280876550,1,pt
1392993934956236805,1,pt
1400221176912359424,1,pt
1427253947765608454,1,pt
1416700433771421697,0,pt
1398039526740725765,1,pt
1435337822790168581,1,pt
1399435273143005185,1,pt
1399379281327923202,1,pt
1395107409425731588,1,pt
1435011763360174083,0,pt
1433918073417965569,1,pt
1429560130262257666,1,pt
1408626508604874754,1,pt
1407780588388507652,1,pt
1402030885139005442,1,pt
1399438146329354243,1,pt
1414870390086717440,1,pt
1409152635521929226,1,pt
1406881740224876545,1,pt
1423313873235546113,1,pt
1418007985025077248,1,pt
1410683088556994562,1,pt
1399148213836431361,1,pt
1395464209719341056,1,pt
1435579698201993216,1,pt
1431371619637813252,1,pt
1394651889602551811,1,pt
1437918937149227011,1,pt
1414292295147474948,1,pt
1414255110553800704,1,pt
1406233858538934273,1,pt
1429108381856456709,1,pt
1425965946934546433,1,pt
1394778646418804736,1,pt
1392278820066054145,1,pt
1438902059126886400,1,pt
1410657928563068934,1,pt
1407417517568634883,1,pt
1437183874400980992,1,pt
1417195231125069827,1,pt
1415096228644335619,1,pt
1409608609940619268,1,pt
1399844825290231809,1,pt
1398744230554710017,1,pt
1392562725209903108,0,pt
1437086657304539136,1,pt
1406239179835641867,1,pt
1403865287036919814,1,pt
1392596906338045954,1,pt
1435066314163372032,1,pt
1433832841222180868,1,pt
1427544986388738064,1,pt
1423101812312354821,1,pt
1398097511743733763,1,pt
1396549017966948357,1,pt
1395107663936172033,1,pt
1427573963908079646,1,pt
1426538918388895750,1,pt
1403118572289806343,1,pt
1400580719487983616,1,pt
1398301861913022471,1,pt
1398042956595085314,1,pt
1395666806103330816,1,pt
1395464739564789766,1,pt
1435054355711938565,1,pt
1431438151285870595,1,pt
1427740207462428675,1,pt
1427590665576275968,1,pt
1425263518853566471,1,pt
1417920663055212547,1,pt
1414230716183977986,1,pt
1413414563182227460,1,pt
1409294247556259849,1,pt
1408891071199952896,1,pt
1407385853987598336,1,pt
1396625455395057668,1,pt
1439756086295371776,1,pt
1429534447553105923,1,pt
1427336304610717703,1,pt
1424745558124675075,1,pt
1429773733091287044,1,pt
1425263723392929797,1,pt
1405130872722972675,1,pt
1400600232854003712,1,pt
1400448646240374787,1,pt
1400404278725025793,1,pt
1398076374712193026,1,pt
1437739739361292292,1,pt
1431429456636305408,1,pt
1414291939990589444,1,pt
1408072980064731143,1,pt
1400497108839538690,1,pt
1392594339340169220,1,pt
1392525574304944128,1,pt
1437710925654642694,1,pt
1420920612806184964,1,pt
1417920511661727748,1,pt
1415404975598063616,1,pt
1415404846581260288,1,pt
1413614567175991296,1,pt
1410335034872115201,1,pt
1403115664676638722,1,pt
1402725688252239875,1,pt
1401649250254180356,1,pt
1400579087945588737,1,pt
1435558699792207872,1,pt
1427444938430730243,1,pt
1426525817752981505,1,pt
1425891300210003977,0,pt
1425275950112153603,1,pt
1415405537143963648,1,pt
1411521863990263808,1,pt
1409556999524827136,1,pt
1408621931889373187,1,pt
1407421058764972033,1,pt
1403461549327630336,1,pt
1400544987545276417,1,pt
1395014988247482377,1,pt
1394058672666562560,1,pt
1392595310271246339,1,pt
1434217643691683840,1,pt
1427468254327496711,1,pt
1421783530854621185,1,pt
1412197975258976257,1,pt
1402409601593745411,0,pt
1400446106144628739,1,pt
1397931784814293008,1,pt
1392989676353597444,1,pt
1438484816844951563,1,pt
1434319728022106113,0,pt
1429551754224586763,0,pt
1427479497650098185,1,pt
1427347907259375619,1,pt
1421552856700698627,1,pt
1419989467146952705,1,pt
1408727906625458178,1,pt
1407390088527552517,1,pt
1407368494035968007,1,pt
1404878732976869379,1,pt
1400462873453682700,1,pt
1400447106205224962,1,pt
1400198728133267456,1,pt
1396988047577817088,1,pt
1435379181538496512,1,pt
1435075099934273540,1,pt
1427834700769419265,1,pt
1427688766010011659,1,pt
1427534228678455321,1,pt
1427506528391770134,1,pt
1423126325599014912,1,pt
1423092775206244354,1,pt
1413895133985222660,1,pt
1410626329364598789,1,pt
1407375875591475203,1,pt
1403529680867708929,1,pt
1398057920340926464,1,pt
1432844670955139084,1,pt
1429211726285840385,1,pt
1425438562980352004,1,pt
1422361258616098822,1,pt
1421058512063455233,1,pt
1418027561129492480,1,pt
1409933194548416523,1,pt
1409179776389165059,1,pt
1408167763714134020,1,pt
1407741541867831310,0,pt
1402279225617489924,1,pt
1398306932293869568,1,pt
1392523195807408130,1,pt
1436825735071678471,1,pt
1435205830740168707,1,pt
1429789277886484484,1,pt
1429486290341441547,1,pt
1428340287185768451,1,pt
1427705069638623232,1,pt
1426618788418662404,1,pt
1425244949977735170,1,pt
1423125605848072194,1,pt
1411479671376646148,1,pt
1401847281859629056,1,pt
1401684303298301952,1,pt
1398299977496121344,0,pt
1394716703477616640,1,pt
1392605633489289218,1,pt
1391845596022116362,1,pt
1438116110155587590,1,pt
1437836364804993034,1,pt
1435058188932505601,1,pt
1433227628400500737,1,pt
1429182633255317506,1,pt
1427517114076868619,1,pt
1421034121594343428,1,pt
1414281265503784962,1,pt
1408078283917385735,1,pt
1407336881105387522,1,pt
1406019357164060676,1,pt
1404208276863176707,1,pt
1398414017438392320,1,pt
1395461822598291459,1,pt
1395126681245978629,1,pt
1395036867255537664,1,pt
1392896740018241537,1,pt
1435758917666095106,1,pt
1435726265798078465,1,pt
1435415840900493316,1,pt
1428552612132032521,0,pt
1427690005913391111,1,pt
1423121153443381251,1,pt
1420911266823016449,1,pt
1417184623994589185,1,pt
1408613958970392578,1,pt
1408171044737781771,1,pt
1406215768392540162,1,pt
1402910921979269121,1,pt
1402639919990906883,1,pt
1402332539356946435,1,pt
1402325933093163018,1,pt
1400776659154911233,1,pt
1399440698609438726,1,pt
1395519625614577668,1,pt
1394065498212651008,1,pt
1391516280969175041,1,pt
1390991007349628930,1,pt
1439773544477511684,1,pt
1438204052542742533,1,pt
1437902358495760385,1,pt
1437078941584564225,1,pt
1430277406493904897,1,pt
1429853565472935945,1,pt
1429210353007742976,1,pt
1427567988631298067,1,pt
1425828401265397761,1,pt
1423296985097023491,1,pt
1423117536963571712,1,pt
1414215646548746245,1,pt
1413867840264982537,1,pt
1408629287587037186,1,pt
1407364550958194694,1,pt
1403467606141640711,1,pt
1401653795952672769,1,pt
1400198305066500098,1,pt
1399742360209199110,1,pt
1395485302295302147,1,pt
1395151395318161410,1,pt
1435071017009958915,1,pt
1431397371569655808,1,pt
1427638315856105474,1,pt
1425391153122324480,1,pt
1419834464209973270,1,pt
1415406138460364805,1,pt
1414420090397859840,1,pt
1413660407538069507,1,pt
1411495650173370368,1,pt
1408072646542053377,1,pt
1406295782865747971,1,pt
1400629068526145536,1,pt
1400582336455090182,1,pt
1400253491587788803,1,pt
1400242842828693504,1,pt
1399853193526452229,1,pt
1398107151952920576,1,pt
1396560636319051776,1,pt
1395849254388867072,1,pt
1438887387212484613,1,pt
1438293372179992585,1,pt
1437080045294587906,1,pt
1434912228235517961,1,pt
1431282450907504644,1,pt
1427710821619191814,1,pt
1426529409578807296,1,pt
1424079581124993027,1,pt
1422415058458619906,1,pt
1422365786912534532,1,pt
1422024823241314313,1,pt
1420958177647079425,1,pt
1419268093348618250,1,pt
1416042479313461248,1,pt
1415405853843333129,1,pt
1415250167247347714,1,pt
1400580458828730371,1,pt
1395115711278759936,1,pt
1395067420562399232,1,pt
1395053201032990726,1,pt
1394754755231199233,1,pt
1394662777151762434,1,pt
1435359144937148417,1,pt
1435070685097955333,1,pt
1433811770288771086,1,pt
1431421494396076036,1,pt
1426539552827658245,1,pt
1426536700461867008,1,pt
1423128576702959617,1,pt
1422364803272675332,1,pt
1419505248335454208,1,pt
1417699763730911236,1,pt
1412069877444231170,1,pt
1411744472157859842,1,pt
1410018828130656258,1,pt
1408528359961804803,1,pt
1408231396414562306,1,pt
1401536954211176449,1,pt
1399120312780955648,1,pt
1398377169223663620,1,pt
1394652058771460102,1,pt
1434198262500704264,1,pt
1433990119933972480,1,pt
1431254569854582792,1,pt
1427564413519814670,0,pt
1425717533672357890,1,pt
1423104035750653956,1,pt
1411741214903242756,1,pt
1406313200770076672,1,pt
1402955867507539970,1,pt
1400560373539946498,1,pt
1400240274576662530,1,pt
1400224572612517889,1,pt
1399427738658816010,0,pt
1398034164461494273,1,pt
1397964268943859718,1,pt
1395453350666280962,1,pt
1395152334221713420,1,pt
1394994632677810178,1,pt
1394781427850522630,1,pt
1394661534530420738,1,pt
1394622403364409347,0,pt
1392578088270245891,1,pt
1390991179441975297,1,pt
1439761679269744640,1,pt
1437614850604208132,1,pt
1433831760463335424,0,pt
1433831491352600587,0,pt
1431818907090829322,1,pt
1429485924707180551,1,pt
1428833006102384647,1,pt
1427558491581976576,1,pt
1423966519613181954,0,pt
1423437559384915969,1,pt
1423305101381357569,1,pt
1422507379736854531,0,pt
1415469190765551619,1,pt
1413498703747366912,1,pt
1412951420895174662,1,pt
1409961790000222219,1,pt
1408080273607114758,1,pt
1407794313266933760,0,pt
1407239524841832450,1,pt
1406277525785939971,1,pt
1404187973701312515,1,pt
1401199235861815299,1,pt
1400569203078406153,1,pt
1400552583475892231,1,pt
1400421766019915783,1,pt
1400049149677117442,1,pt
1397963738427367424,1,pt
1397930497393582088,1,pt
1397585395815264258,1,pt
1396627144952975363,1,pt
1395527199466401796,1,pt
1395149670746402822,1,pt
1395056363907203079,1,pt
1392933189358870533,1,pt
1392604723321131008,1,pt
1392482556000473088,1,pt
1391171549315620875,1,pt
1438999334251552770,1,pt
1434562767856541698,1,pt
1428156795919417344,1,pt
1427591938727989262,1,pt
1426533494872846345,1,pt
1423447079062491139,1,pt
1417851262603862019,1,pt
1417846653181173760,1,pt
1413229775154556936,1,pt
1410697305603379204,1,pt
1408094298382479363,1,pt
1407475768062627841,1,pt
1407155729807642624,1,pt
1406269818160959505,1,pt
1405901954929332231,1,pt
1403553639814287361,1,pt
1403516392230490117,1,pt
1403464361155432459,1,pt
1402429364164349952,1,pt
1402361558500622336,1,pt
1400650583267229708,1,pt
1400508819889926149,1,pt
1400237392943005696,1,pt
1398588271140216832,1,pt
1396575366500790278,1,pt
1395136278300184578,1,pt
1392940929464602630,1,pt
1392563120695091209,1,pt
1392463250915270658,1,pt
1391895084392722433,1,pt
1391185183588634627,1,pt
1390637821476605958,1,pt
1438972124472004612,1,pt
1438245624198090759,1,pt
1438114208412053509,1,pt
1437538158950764544,1,pt
1437106471267971072,1,pt
1435342014187511817,1,pt
1435228412101095429,1,pt
1434000478745075716,1,pt
1433757278470037536,1,pt
1429249984218677252,1,pt
1428326194886348800,1,pt
1427811030118408194,1,pt
1427780947211079686,1,pt
1427718776355790856,1,pt
1427711124397563906,1,pt
1427694934967083020,1,pt
1427461152704016386,1,pt
1427368895510351878,1,pt
1427342727218352141,1,pt
1426531414787436548,1,pt
1426389512838582277,1,pt
1423406237564145664,1,pt
1423095014079533059,1,pt
1421140420529201153,1,pt
1420910559185227776,1,pt
1419385722184912902,1,pt
1419264190355845121,1,pt
1418592326503604227,1,pt
1417663658319138821,1,pt
1417452278886375450,1,pt
1415353400645103617,1,pt
1415096173589901312,1,pt
1415092805077188611,1,pt
1414369770649047044,1,pt
1413523280460451844,1,pt
1413234611367383043,1,pt
1411751561886318596,1,pt
1410645542871371780,1,pt
1410240706493431810,1,pt
1408828641992228870,1,pt
1407750796352135178,1,pt
1407349443809120285,1,pt
1405118996698087424,1,pt
1404942460275601410,1,pt
1403532124859342859,1,pt
1402351659234246667,1,pt
1402337851757547522,1,pt
1401535873590693892,1,pt
1401354375889657856,1,pt
1400488109809274886,1,pt
1400277781217435648,1,pt
1400220024351215617,1,pt
1400121220260110346,1,pt
1400097839863283713,1,pt
1400095786642313222,1,pt
1399122131385004035,1,pt
1399032291347910663,1,pt
1397333099839688706,1,pt
1395558515121524739,1,pt
1395109092822339585,1,pt
1395104228524314632,1,pt
1395025300216590339,1,pt
1395016875461971973,1,pt
1394659106103910400,1,pt
1392592397889163266,1,pt
1392591139769831432,1,pt
1392517544641273859,1,pt
1392500695903899650,1,pt
1390436228324073474,1,pt
1439693313037283328,1,pt
1439588133402812422,1,pt
1437834230357168137,1,pt
1437343500526399491,1,pt
1437142005897965570,1,pt
1437109672805289992,1,pt
1435797690982490113,1,pt
1435487656843038725,1,pt
1435439714866278400,1,pt
1435315480328347651,1,pt
1435257186087755790,1,pt
1435255391219339267,1,pt
1435232992616669188,1,pt
1435094708569747458,1,pt
1435054993984434178,1,pt
1435013563257655306,1,pt
1434338409460416516,1,pt
1433370751147679747,1,pt
1431476902628405248,1,pt
1431450971285200897,1,pt
1431396122023579650,1,pt
1431394633750298626,1,pt
1431371924035227649,1,pt
1431250890762108938,1,pt
1430367951157448710,1,pt
1429986616865611781,1,pt
1429882177886490627,1,pt
1429205036567908353,1,pt
1428517608299585541,1,pt
1427799076209414155,1,pt
1427775980987371525,1,pt
1427689825956683781,1,pt
1427689788245741572,1,pt
1427686948014018571,1,pt
1427672566303494149,1,pt
1427671700351635460,1,pt
1426544137449451520,1,pt
1426533983232397314,1,pt
1426516759654322178,1,pt
1425269374739419142,1,pt
1425198427974078468,1,pt
1425119371333181442,1,pt
1424490046896410624,1,pt
1424004371352887299,1,pt
1423484149894111232,1,pt
1423310897125199873,1,pt
1423262162693378051,1,pt
1423094661086912512,1,pt
1423065497361387522,1,pt
1422648271911243779,1,pt
1422408295265013761,1,pt
1421055321200541697,1,pt
1420933310268772361,1,pt
1420901151529127937,1,pt
1420891960030683142,1,pt
1420891548271747072,1,pt
1420882861691969539,1,pt
1414227587971403784,1,pt
1413600316034068486,1,pt
1413492512883412994,1,pt
1411045667825410050,1,pt
1410620594656264196,1,pt
1410341121637683201,1,pt
1408630888628461568,1,pt
1408523923776589825,1,pt
1407694879157800964,1,pt
1407339034586849283,1,pt
1407236097332105217,1,pt
1406429928514535424,1,pt
1405692588917760003,1,pt
1403567836983959555,1,pt
1403386170743181319,1,pt
1403319414477496320,1,pt
1402980722596478980,1,pt
1400584346130685958,1,pt
1400458398387240975,1,pt
1400162170663538694,1,pt
1398280909493837828,1,pt
1395900748282662914,1,pt
1395886451582197764,1,pt
1395182527883714560,1,pt
1395155458848174087,1,pt
1395104694964531200,1,pt
1395048958217572355,1,pt
1395013683760312322,1,pt
1395010889292656645,1,pt
1392717938428350466,1,pt
1392644350878879746,1,pt
1392607900372279303,1,pt
1392595649288450048,1,pt
1392516255085744133,1,pt
1392512792410918917,1,pt
1391928173009461255,1,pt
1391175679740366849,1,pt
1439812877570002944,1,pt
1439286916088832003,1,pt
1438171448275779591,1,pt
1437904502187872257,1,pt
1437752231693099012,1,pt
1437170676109123587,1,pt
1437147502101344262,1,pt
1436829871217553408,1,pt
1435381010812788736,1,pt
1435376784774737922,1,pt
1435355332088377348,1,pt
1435283711352844290,1,pt
1435270694045167619,1,pt
1435232131777716224,1,pt
1435076430493364229,1,pt
1435071602417455106,1,pt
1434918638625173504,1,pt
1433908820196134914,1,pt
1433817408209313795,1,pt
1433768662721257490,1,pt
1433753989699493909,1,pt
1433082472636588033,1,pt
1432011230726795265,1,pt
1430167442916003843,1,pt
1429986262925053958,1,pt
1428764397606952966,1,pt
1427570959402389509,1,pt
1425285238918369281,1,pt
1425085587292397568,1,pt
1425072813023584257,1,pt
1424441067617796096,1,pt
1423829932359159808,1,pt
1423482035335802880,1,pt
1423464320143396864,1,pt
1423432443021955074,1,pt
1423351664250179587,1,pt
1423308035640938496,1,pt
1423077906495033346,1,pt
1421542371091750919,1,pt
1421122651649630211,1,pt
1421067210076925955,1,pt
1420929518395695114,1,pt
1420781963032633345,1,pt
1418923316543373324,1,pt
1418539632812339206,1,pt
1418444069227872256,1,pt
1416902552826826756,1,pt
1416047634939252741,1,pt
1415665197671358468,1,pt
1415380281100472320,1,pt
1414314348051419143,1,pt
1414309100016619521,1,pt
1414297976332226572,1,pt
1413664534494068739,1,pt
1413305059312558082,1,pt
1413278406234542091,1,pt
1413176611613122565,1,pt
1411494154908094464,1,pt
1410649179484045322,1,pt
1410239731632328707,1,pt
1408901562076995588,1,pt
1408887542225817610,1,pt
1407389788995530758,1,pt
1407165246909865989,1,pt
1407081073243312134,1,pt
1405935865097035782,1,pt
1405153302015320064,1,pt
1403916335495647233,1,pt
1403146208156209156,1,pt
1402396429403004932,1,pt
1401939737640947725,1,pt
1401688536508739585,1,pt
1401547067860869120,1,pt
1400917284592533512,1,pt
1400788802151587845,1,pt
1400585847284678656,1,pt
1400527126932099078,1,pt
1400478937822662661,1,pt
1400470419967197186,1,pt
1400200073909256192,1,pt
1399134873273524226,1,pt
1398614959962132481,1,pt
1398240833216909312,1,pt
1398058340433944579,1,pt
1397925874955997188,1,pt
1397609084971540483,1,pt
1396622667684499459,1,pt
1396577320891256840,1,pt
1395821933355315210,1,pt
1395121349065064449,1,pt
1395063073392758786,1,pt
1395039333711818765,1,pt
1395037633601015810,1,pt
1395021548751368197,1,pt
1395019484965097481,1,pt
1395012459220586509,1,pt
1394675074503004163,1,pt
1392928376646684684,1,pt
1392618413084774406,1,pt
1392594277780312064,1,pt
1392218281868681222,1,pt
1391527082493202435,1,pt
1391254486417645568,1,pt
1439774788289978369,1,pt
1439597924724400142,1,pt
1439044896078368775,1,pt
1439017227357933575,1,pt
1439010235155456000,1,pt
